<?xml version="1.0" encoding="UTF-8"?>
<project-private xmlns="http://www.netbeans.org/ns/project-private/1">
    <editor-bookmarks xmlns="http://www.netbeans.org/ns/editor-bookmarks/2" lastBookmarkId="0"/>
    <open-files xmlns="http://www.netbeans.org/ns/projectui-open-files/2">
        <group>
            <file>file:/C:/Users/Maria%20Nobre/Documents/NetBeansProjects/PROJETO_diogo_maria/Projetoooo/src/threading/JFrame_Cliente.java</file>
            <file>file:/C:/Users/Maria%20Nobre/Documents/NetBeansProjects/PROJETO_diogo_maria/Projetoooo/src/threading/Client.java</file>
            <file>file:/C:/Users/Maria%20Nobre/Documents/NetBeansProjects/PROJETO_diogo_maria/Projetoooo/src/threading/JDBCConnect.java</file>
            <file>file:/C:/Users/Maria%20Nobre/Documents/NetBeansProjects/PROJETO_diogo_maria/Projetoooo/src/threading/Server.java</file>
        </group>
    </open-files>
</project-private>
