id,timestamp,velocidade,sentido,id_type,id_radar
1,10/02/2019 08:17,-63,0,2,1
2,10/02/2019 08:17,35,1,2,1
3,10/02/2019 08:17,40,1,2,1
4,10/02/2019 08:17,42,1,2,1
5,10/02/2019 08:18,-69,0,2,1
6,10/02/2019 08:18,63,1,2,1
7,10/02/2019 08:18,66,1,2,1
8,10/02/2019 08:18,-52,0,2,1
9,10/02/2019 08:18,-56,0,2,1
10,10/02/2019 08:19,-63,0,2,1
11,10/02/2019 08:19,50,1,2,1
12,10/02/2019 08:19,49,1,2,1
13,10/02/2019 08:19,50,1,2,1
14,10/02/2019 08:19,45,1,2,1
15,10/02/2019 08:19,-38,0,2,1
16,10/02/2019 08:19,56,1,2,1
17,10/02/2019 08:19,60,1,2,1
18,10/02/2019 08:19,-59,0,2,1
19,10/02/2019 08:19,-56,0,2,1
20,10/02/2019 08:19,-55,0,2,1
21,10/02/2019 08:20,-57,0,2,1
22,10/02/2019 08:20,76,1,2,1
23,10/02/2019 08:21,-53,0,2,1
24,10/02/2019 08:21,-59,0,2,1
25,10/02/2019 08:21,-53,0,2,1
26,10/02/2019 08:21,66,1,2,1
27,10/02/2019 08:21,-59,0,2,1
28,10/02/2019 08:21,-64,0,2,1
29,10/02/2019 08:21,67,1,2,1
30,10/02/2019 08:21,70,1,2,1
31,10/02/2019 08:22,82,1,2,1
32,10/02/2019 08:22,-70,0,3,1
33,10/02/2019 08:22,58,1,2,1
34,10/02/2019 08:22,58,1,2,1
35,10/02/2019 08:22,58,1,2,1
36,10/02/2019 08:22,66,1,2,1
37,10/02/2019 08:22,-58,0,2,1
38,10/02/2019 08:23,-73,0,2,1
39,10/02/2019 08:23,-66,0,2,1
40,10/02/2019 08:23,-58,0,2,1
41,10/02/2019 08:23,73,1,4,1
42,10/02/2019 08:23,-54,0,3,1
43,10/02/2019 08:23,-60,0,2,1
44,10/02/2019 08:24,-53,0,2,1
45,10/02/2019 08:24,55,1,2,1
46,10/02/2019 08:24,62,1,2,1
47,10/02/2019 08:24,57,1,2,1
48,10/02/2019 08:24,62,1,2,1
49,10/02/2019 08:24,58,1,2,1
50,10/02/2019 08:24,60,1,2,1
51,10/02/2019 08:24,58,1,2,1
52,10/02/2019 08:24,-83,0,2,1
53,10/02/2019 08:24,50,1,2,1
54,10/02/2019 08:25,-62,0,2,1
55,10/02/2019 08:25,-51,0,2,1
56,10/02/2019 08:25,-51,0,2,1
57,10/02/2019 08:25,53,1,2,1
58,10/02/2019 08:25,53,1,2,1
59,10/02/2019 08:25,56,1,2,1
60,10/02/2019 08:25,59,1,2,1
61,10/02/2019 08:26,85,1,2,1
62,10/02/2019 08:26,-45,0,2,1
63,10/02/2019 08:26,40,1,2,1
64,10/02/2019 08:26,56,1,4,1
65,10/02/2019 08:26,59,1,4,1
66,10/02/2019 08:26,59,1,2,1
67,10/02/2019 08:26,60,1,2,1
68,10/02/2019 08:26,59,1,2,1
69,10/02/2019 08:26,62,1,2,1
70,10/02/2019 08:26,69,1,4,1
71,10/02/2019 08:27,66,1,2,1
72,10/02/2019 08:27,-76,0,2,1
73,10/02/2019 08:27,59,1,2,1
74,10/02/2019 08:27,-63,0,2,1
75,10/02/2019 08:27,69,1,4,1
76,10/02/2019 08:28,-71,0,2,1
77,10/02/2019 08:28,60,1,2,1
78,10/02/2019 08:28,62,1,2,1
79,10/02/2019 08:28,58,1,2,1
80,10/02/2019 08:28,59,1,2,1
81,10/02/2019 08:28,-58,0,2,1
82,10/02/2019 08:28,68,1,2,1
83,10/02/2019 08:28,92,1,2,1
84,10/02/2019 08:28,-55,0,2,1
85,10/02/2019 08:28,86,1,2,1
86,10/02/2019 08:28,-48,0,3,1
87,10/02/2019 08:28,75,1,2,1
88,10/02/2019 08:29,84,1,2,1
89,10/02/2019 08:29,-55,0,2,1
90,10/02/2019 08:29,-55,0,2,1
91,10/02/2019 08:29,69,1,2,1
92,10/02/2019 08:29,70,1,2,1
93,10/02/2019 08:30,-59,0,2,1
94,10/02/2019 08:30,66,1,2,1
95,10/02/2019 08:30,-51,0,2,1
96,10/02/2019 08:30,-49,0,2,1
97,10/02/2019 08:30,-51,0,2,1
98,10/02/2019 08:30,-73,0,2,1
99,10/02/2019 08:30,-50,0,2,1
100,10/02/2019 08:30,43,1,2,1
101,10/02/2019 08:30,44,1,2,1
102,10/02/2019 08:30,48,1,2,1
103,10/02/2019 08:30,-53,0,2,1
104,10/02/2019 08:31,54,1,2,1
105,10/02/2019 08:31,57,1,2,1
106,10/02/2019 08:31,50,1,2,1
107,10/02/2019 08:31,-53,0,2,1
108,10/02/2019 08:31,49,1,2,1
109,10/02/2019 08:31,46,1,4,1
110,10/02/2019 08:31,47,1,2,1
111,10/02/2019 08:31,46,1,2,1
112,10/02/2019 08:31,53,1,4,1
113,10/02/2019 08:31,-48,0,2,1
114,10/02/2019 08:31,-55,0,3,1
115,10/02/2019 08:31,43,1,2,1
116,10/02/2019 08:31,75,1,4,1
117,10/02/2019 08:32,-61,0,2,1
118,10/02/2019 08:32,58,1,2,1
119,10/02/2019 08:32,58,1,4,1
120,10/02/2019 08:32,68,1,2,1
121,10/02/2019 08:32,-61,0,2,1
122,10/02/2019 08:32,62,1,2,1
123,10/02/2019 08:32,-65,0,2,1
124,10/02/2019 08:32,74,1,4,1
125,10/02/2019 08:33,-50,0,2,1
126,10/02/2019 08:33,64,1,2,1
127,10/02/2019 08:33,-63,0,2,1
128,10/02/2019 08:33,66,1,2,1
129,10/02/2019 08:33,62,1,2,1
130,10/02/2019 08:33,72,1,2,1
131,10/02/2019 08:33,71,1,2,1
132,10/02/2019 08:34,-36,0,2,1
133,10/02/2019 08:34,56,1,2,1
134,10/02/2019 08:34,58,1,2,1
135,10/02/2019 08:34,58,1,3,1
136,10/02/2019 08:34,-50,0,2,1
137,10/02/2019 08:34,65,1,2,1
138,10/02/2019 08:34,-59,0,2,1
139,10/02/2019 08:34,7,1,2,1
140,10/02/2019 08:34,-62,0,2,1
141,10/02/2019 08:35,-55,0,2,1
142,10/02/2019 08:35,50,1,2,1
143,10/02/2019 08:35,91,1,2,1
144,10/02/2019 08:35,-66,0,2,1
145,10/02/2019 08:35,-62,0,2,1
146,10/02/2019 08:35,87,1,2,1
147,10/02/2019 08:35,-59,0,2,1
148,10/02/2019 08:35,-64,0,2,1
149,10/02/2019 08:35,47,1,2,1
150,10/02/2019 08:35,-66,0,2,1
151,10/02/2019 08:36,66,1,2,1
152,10/02/2019 08:36,55,1,2,1
153,10/02/2019 08:36,58,1,2,1
154,10/02/2019 08:36,56,1,4,1
155,10/02/2019 08:36,58,1,2,1
156,10/02/2019 08:37,60,1,2,1
157,10/02/2019 08:37,59,1,2,1
158,10/02/2019 08:37,61,1,2,1
159,10/02/2019 08:37,53,1,2,1
160,10/02/2019 08:37,53,1,4,1
161,10/02/2019 08:37,59,1,4,1
162,10/02/2019 08:37,-60,0,2,1
163,10/02/2019 08:37,60,1,4,1
164,10/02/2019 08:37,-52,0,3,1
165,10/02/2019 08:37,66,1,2,1
166,10/02/2019 08:37,-53,0,2,1
167,10/02/2019 08:37,-56,0,2,1
168,10/02/2019 08:37,-59,0,2,1
169,10/02/2019 08:38,41,1,2,1
170,10/02/2019 08:38,-71,0,2,1
171,10/02/2019 08:38,-60,0,2,1
172,10/02/2019 08:38,53,1,2,1
173,10/02/2019 08:38,56,1,2,1
174,10/02/2019 08:38,65,1,2,1
175,10/02/2019 08:39,-57,0,2,1
176,10/02/2019 08:39,-59,0,3,1
177,10/02/2019 08:39,-57,0,2,1
178,10/02/2019 08:39,60,1,2,1
179,10/02/2019 08:39,58,1,2,1
180,10/02/2019 08:39,61,1,2,1
181,10/02/2019 08:39,59,1,2,1
182,10/02/2019 08:39,64,1,4,1
183,10/02/2019 08:39,65,1,2,1
184,10/02/2019 08:39,-55,0,2,1
185,10/02/2019 08:39,53,1,2,1
186,10/02/2019 08:39,57,1,2,1
187,10/02/2019 08:39,-51,0,2,1
188,10/02/2019 08:40,-56,0,2,1
189,10/02/2019 08:40,60,1,2,1
190,10/02/2019 08:40,64,1,2,1
191,10/02/2019 08:40,59,1,2,1
192,10/02/2019 08:40,-58,0,2,1
193,10/02/2019 08:40,55,1,4,1
194,10/02/2019 08:40,53,1,4,1
195,10/02/2019 08:40,57,1,2,1
196,10/02/2019 08:40,59,1,2,1
197,10/02/2019 08:40,52,1,2,1
198,10/02/2019 08:40,51,1,2,1
199,10/02/2019 08:40,54,1,2,1
200,10/02/2019 08:40,57,1,2,1
201,10/02/2019 08:41,66,1,2,1
202,10/02/2019 08:41,-55,0,2,1
203,10/02/2019 08:41,-80,0,3,1
204,10/02/2019 08:41,73,1,2,1
205,10/02/2019 08:41,-62,0,2,1
206,10/02/2019 08:41,-56,0,2,1
207,10/02/2019 08:41,57,1,2,1
208,10/02/2019 08:41,-53,0,2,1
209,10/02/2019 08:42,-58,0,2,1
210,10/02/2019 08:42,-58,0,2,1
211,10/02/2019 08:42,55,1,2,1
212,10/02/2019 08:42,60,1,2,1
213,10/02/2019 08:42,-45,0,2,1
214,10/02/2019 08:42,-46,0,2,1
215,10/02/2019 08:42,-65,0,2,1
216,10/02/2019 08:43,-55,0,2,1
217,10/02/2019 08:43,-57,0,2,1
218,10/02/2019 08:43,51,1,2,1
219,10/02/2019 08:43,51,1,2,1
220,10/02/2019 08:43,54,1,2,1
221,10/02/2019 08:43,51,1,4,1
222,10/02/2019 08:43,-51,0,2,1
223,10/02/2019 08:43,-51,0,2,1
224,10/02/2019 08:43,-53,0,2,1
225,10/02/2019 08:43,49,1,4,1
226,10/02/2019 08:43,-60,0,2,1
227,10/02/2019 08:44,-55,0,2,1
228,10/02/2019 08:44,54,1,2,1
229,10/02/2019 08:44,-63,0,2,1
230,10/02/2019 08:44,56,1,4,1
231,10/02/2019 08:44,54,1,2,1
232,10/02/2019 08:44,51,1,2,1
233,10/02/2019 08:44,-80,0,2,1
234,10/02/2019 08:44,68,1,4,1
235,10/02/2019 08:45,79,1,2,1
236,10/02/2019 08:45,-50,0,2,1
237,10/02/2019 08:45,-48,0,2,1
238,10/02/2019 08:45,-54,0,2,1
239,10/02/2019 08:45,60,1,4,1
240,10/02/2019 08:45,62,1,2,1
241,10/02/2019 08:45,-71,0,2,1
242,10/02/2019 08:46,46,1,2,1
243,10/02/2019 08:46,-60,0,2,1
244,10/02/2019 08:47,-58,0,2,1
245,10/02/2019 08:47,42,1,2,1
246,10/02/2019 08:47,-63,0,2,1
247,10/02/2019 08:47,48,1,4,1
248,10/02/2019 08:47,-57,0,2,1
249,10/02/2019 08:47,53,1,2,1
250,10/02/2019 08:47,53,1,2,1
251,10/02/2019 08:47,-54,0,2,1
252,10/02/2019 08:48,71,1,2,1
253,10/02/2019 08:48,71,1,4,1
254,10/02/2019 08:48,-59,0,2,1
255,10/02/2019 08:48,49,1,4,1
256,10/02/2019 08:48,-47,0,2,1
257,10/02/2019 08:48,-45,0,2,1
258,10/02/2019 08:49,-39,0,2,1
259,10/02/2019 08:49,44,1,4,1
260,10/02/2019 08:49,-58,0,2,1
261,10/02/2019 08:49,47,1,2,1
262,10/02/2019 08:49,49,1,2,1
263,10/02/2019 08:49,48,1,2,1
264,10/02/2019 08:49,50,1,2,1
265,10/02/2019 08:49,53,1,2,1
266,10/02/2019 08:49,50,1,2,1
267,10/02/2019 08:49,-66,0,2,1
268,10/02/2019 08:50,66,1,2,1
269,10/02/2019 08:50,52,1,2,1
270,10/02/2019 08:50,59,1,2,1
271,10/02/2019 08:50,60,1,2,1
272,10/02/2019 08:50,59,1,2,1
273,10/02/2019 08:50,-74,0,2,1
274,10/02/2019 08:50,63,1,2,1
275,10/02/2019 08:51,-58,0,2,1
276,10/02/2019 08:51,-60,0,2,1
277,10/02/2019 08:51,48,1,2,1
278,10/02/2019 08:51,65,1,4,1
279,10/02/2019 08:51,-55,0,3,1
280,10/02/2019 08:52,58,1,2,1
281,10/02/2019 08:52,-66,0,2,1
282,10/02/2019 08:53,77,1,2,1
283,10/02/2019 08:53,-51,0,2,1
284,10/02/2019 08:53,-58,0,2,1
285,10/02/2019 08:53,37,1,2,1
286,10/02/2019 08:53,60,1,2,1
287,10/02/2019 08:53,-51,0,2,1
288,10/02/2019 08:54,57,1,2,1
289,10/02/2019 08:54,56,1,2,1
290,10/02/2019 08:54,62,1,2,1
291,10/02/2019 08:54,-52,0,2,1
292,10/02/2019 08:54,34,1,2,1
293,10/02/2019 08:54,40,1,2,1
294,10/02/2019 08:54,46,1,2,1
295,10/02/2019 08:55,69,1,2,1
296,10/02/2019 08:55,-51,0,2,1
297,10/02/2019 08:55,65,1,4,1
298,10/02/2019 08:55,-54,0,2,1
299,10/02/2019 08:55,26,1,2,1
300,10/02/2019 08:55,26,1,2,1
301,10/02/2019 08:55,49,1,2,1
302,10/02/2019 08:55,46,1,2,1
303,10/02/2019 08:56,-56,0,2,1
304,10/02/2019 08:56,-50,0,2,1
305,10/02/2019 08:56,-41,0,3,1
306,10/02/2019 08:56,66,1,4,1
307,10/02/2019 08:56,-50,0,2,1
308,10/02/2019 08:57,63,1,2,1
309,10/02/2019 08:57,-58,0,2,1
310,10/02/2019 08:57,-56,0,2,1
311,10/02/2019 08:57,55,1,2,1
312,10/02/2019 08:57,-64,0,2,1
313,10/02/2019 08:58,45,1,2,1
314,10/02/2019 08:58,-57,0,2,1
315,10/02/2019 08:58,59,1,4,1
316,10/02/2019 08:58,53,1,2,1
317,10/02/2019 08:58,55,1,4,1
318,10/02/2019 08:58,58,1,2,1
319,10/02/2019 08:58,-59,0,2,1
320,10/02/2019 08:58,-50,0,2,1
321,10/02/2019 08:58,55,1,4,1
322,10/02/2019 08:58,-57,0,2,1
323,10/02/2019 08:58,-55,0,2,1
324,10/02/2019 08:58,61,1,4,1
325,10/02/2019 08:58,60,1,2,1
326,10/02/2019 08:59,57,1,4,1
327,10/02/2019 08:59,54,1,2,1
328,10/02/2019 08:59,-59,0,2,1
329,10/02/2019 09:00,-55,0,2,1
330,10/02/2019 09:00,-50,0,2,1
331,10/02/2019 09:00,-49,0,2,1
332,10/02/2019 09:00,52,1,2,1
333,10/02/2019 09:00,-54,0,2,1
334,10/02/2019 09:00,50,1,2,1
335,10/02/2019 09:00,50,1,2,1
336,10/02/2019 09:00,52,1,2,1
337,10/02/2019 09:00,53,1,2,1
338,10/02/2019 09:00,-51,0,2,1
339,10/02/2019 09:00,49,1,4,1
340,10/02/2019 09:01,51,1,2,1
341,10/02/2019 09:01,54,1,4,1
342,10/02/2019 09:01,55,1,2,1
343,10/02/2019 09:01,55,1,4,1
344,10/02/2019 09:01,52,1,2,1
345,10/02/2019 09:01,63,1,4,1
346,10/02/2019 09:01,-49,0,2,1
347,10/02/2019 09:02,-50,0,2,1
348,10/02/2019 09:02,55,1,2,1
349,10/02/2019 09:03,80,1,2,1
350,10/02/2019 09:03,53,1,2,1
351,10/02/2019 09:03,-67,0,2,1
352,10/02/2019 09:03,53,1,2,1
353,10/02/2019 09:03,-52,0,2,1
354,10/02/2019 09:03,57,1,2,1
355,10/02/2019 09:03,-55,0,2,1
356,10/02/2019 09:04,-54,0,2,1
357,10/02/2019 09:04,-57,0,2,1
358,10/02/2019 09:04,56,1,2,1
359,10/02/2019 09:05,-50,0,2,1
360,10/02/2019 09:05,49,1,2,1
361,10/02/2019 09:05,47,1,2,1
362,10/02/2019 09:05,47,1,4,1
363,10/02/2019 09:05,-46,0,2,1
364,10/02/2019 09:06,-47,0,2,1
365,10/02/2019 09:06,-50,0,4,1
366,10/02/2019 09:06,37,1,2,1
367,10/02/2019 09:06,44,1,3,1
368,10/02/2019 09:06,69,1,2,1
369,10/02/2019 09:06,-50,0,2,1
370,10/02/2019 09:06,-67,0,2,1
371,10/02/2019 09:06,57,1,2,1
372,10/02/2019 09:06,58,1,2,1
373,10/02/2019 09:06,-56,0,2,1
374,10/02/2019 09:07,49,1,2,1
375,10/02/2019 09:07,64,1,2,1
376,10/02/2019 09:07,55,1,2,1
377,10/02/2019 09:07,53,1,2,1
378,10/02/2019 09:07,-48,0,3,1
379,10/02/2019 09:07,51,1,2,1
380,10/02/2019 09:07,44,1,2,1
381,10/02/2019 09:07,48,1,2,1
382,10/02/2019 09:07,56,1,4,1
383,10/02/2019 09:07,-48,0,2,1
384,10/02/2019 09:07,48,1,2,1
385,10/02/2019 09:07,49,1,2,1
386,10/02/2019 09:07,50,1,2,1
387,10/02/2019 09:07,50,1,2,1
388,10/02/2019 09:07,51,1,4,1
389,10/02/2019 09:08,-57,0,2,1
390,10/02/2019 09:08,-57,0,2,1
391,10/02/2019 09:08,40,1,2,1
392,10/02/2019 09:08,-55,0,2,1
393,10/02/2019 09:08,47,1,4,1
394,10/02/2019 09:08,-73,0,3,1
395,10/02/2019 09:08,43,1,2,1
396,10/02/2019 09:08,48,1,2,1
397,10/02/2019 09:08,54,1,2,1
398,10/02/2019 09:08,-61,0,2,1
399,10/02/2019 09:08,-40,0,2,1
400,10/02/2019 09:09,-67,0,2,1
401,10/02/2019 09:09,71,1,4,1
402,10/02/2019 09:09,67,1,2,1
403,10/02/2019 09:09,50,1,2,1
404,10/02/2019 09:09,52,1,2,1
405,10/02/2019 09:09,62,1,2,1
406,10/02/2019 09:09,-48,0,3,1
407,10/02/2019 09:10,-73,0,2,1
408,10/02/2019 09:10,-48,0,3,1
409,10/02/2019 09:10,-41,0,2,1
410,10/02/2019 09:10,64,1,4,1
411,10/02/2019 09:10,64,1,2,1
412,10/02/2019 09:10,59,1,2,1
413,10/02/2019 09:10,-49,0,2,1
414,10/02/2019 09:10,-45,0,2,1
415,10/02/2019 09:10,5,1,2,1
416,10/02/2019 09:10,49,1,2,1
417,10/02/2019 09:11,49,1,2,1
418,10/02/2019 09:11,60,1,2,1
419,10/02/2019 09:11,59,1,2,1
420,10/02/2019 09:11,57,1,2,1
421,10/02/2019 09:11,68,1,2,1
422,10/02/2019 09:11,60,1,4,1
423,10/02/2019 09:11,57,1,2,1
424,10/02/2019 09:11,65,1,2,1
425,10/02/2019 09:11,60,1,2,1
426,10/02/2019 09:12,-55,0,2,1
427,10/02/2019 09:12,67,1,2,1
428,10/02/2019 09:12,-64,0,2,1
429,10/02/2019 09:13,48,1,2,1
430,10/02/2019 09:13,-64,0,2,1
431,10/02/2019 09:13,-59,0,2,1
432,10/02/2019 09:13,51,1,2,1
433,10/02/2019 09:13,51,1,2,1
434,10/02/2019 09:13,-55,0,2,1
435,10/02/2019 09:13,58,1,4,1
436,10/02/2019 09:13,57,1,2,1
437,10/02/2019 09:14,-52,0,2,1
438,10/02/2019 09:14,48,1,2,1
439,10/02/2019 09:14,54,1,2,1
440,10/02/2019 09:14,54,1,4,1
441,10/02/2019 09:14,61,1,2,1
442,10/02/2019 09:14,68,1,2,1
443,10/02/2019 09:15,-59,0,2,1
444,10/02/2019 09:15,63,1,2,1
445,10/02/2019 09:15,-63,0,2,1
446,10/02/2019 09:15,60,1,2,1
447,10/02/2019 09:15,-50,0,2,1
448,10/02/2019 09:16,-57,0,2,1
449,10/02/2019 09:16,-52,0,2,1
450,10/02/2019 09:16,-66,0,2,1
451,10/02/2019 09:16,45,1,4,1
452,10/02/2019 09:16,46,1,2,1
453,10/02/2019 09:16,47,1,2,1
454,10/02/2019 09:16,50,1,2,1
455,10/02/2019 09:16,50,1,2,1
456,10/02/2019 09:16,52,1,2,1
457,10/02/2019 09:17,-56,0,2,1
458,10/02/2019 09:17,-45,0,2,1
459,10/02/2019 09:17,65,1,4,1
460,10/02/2019 09:17,55,1,2,1
461,10/02/2019 09:17,60,1,2,1
462,10/02/2019 09:17,-51,0,2,1
463,10/02/2019 09:17,-48,0,2,1
464,10/02/2019 09:18,-55,0,2,1
465,10/02/2019 09:18,51,1,2,1
466,10/02/2019 09:18,-59,0,2,1
467,10/02/2019 09:18,63,1,2,1
468,10/02/2019 09:18,-65,0,2,1
469,10/02/2019 09:18,61,1,4,1
470,10/02/2019 09:18,62,1,2,1
471,10/02/2019 09:18,64,1,2,1
472,10/02/2019 09:18,66,1,2,1
473,10/02/2019 09:18,-46,0,2,1
474,10/02/2019 09:18,61,1,2,1
475,10/02/2019 09:18,-54,0,2,1
476,10/02/2019 09:18,-52,0,2,1
477,10/02/2019 09:19,56,1,2,1
478,10/02/2019 09:19,50,1,4,1
479,10/02/2019 09:19,55,1,2,1
480,10/02/2019 09:19,64,1,4,1
481,10/02/2019 09:19,58,1,2,1
482,10/02/2019 09:20,-58,0,2,1
483,10/02/2019 09:21,22,1,2,1
484,10/02/2019 09:21,-50,0,2,1
485,10/02/2019 09:21,-61,0,2,1
486,10/02/2019 09:21,65,1,2,1
487,10/02/2019 09:22,54,1,2,1
488,10/02/2019 09:22,60,1,2,1
489,10/02/2019 09:22,-57,0,2,1
490,10/02/2019 09:22,-52,0,2,1
491,10/02/2019 09:22,-49,0,2,1
492,10/02/2019 09:22,69,1,2,1
493,10/02/2019 09:22,-59,0,2,1
494,10/02/2019 09:23,-58,0,2,1
495,10/02/2019 09:23,-56,0,2,1
496,10/02/2019 09:23,-49,0,2,1
497,10/02/2019 09:23,-60,0,2,1
498,10/02/2019 09:24,51,1,2,1
499,10/02/2019 09:24,50,1,4,1
500,10/02/2019 09:24,55,1,2,1
501,10/02/2019 09:24,-13,0,2,1
502,10/02/2019 09:24,-51,0,2,1
503,10/02/2019 09:24,49,1,2,1
504,10/02/2019 09:24,-47,0,3,1
505,10/02/2019 09:24,51,1,2,1
506,10/02/2019 09:24,51,1,2,1
507,10/02/2019 09:24,49,1,4,1
508,10/02/2019 09:25,63,1,2,1
509,10/02/2019 09:25,-51,0,2,1
510,10/02/2019 09:25,-47,0,3,1
511,10/02/2019 09:25,-55,0,2,1
512,10/02/2019 09:25,-69,0,2,1
513,10/02/2019 09:25,49,1,2,1
514,10/02/2019 09:26,57,1,4,1
515,10/02/2019 09:26,58,1,2,1
516,10/02/2019 09:26,-61,0,2,1
517,10/02/2019 09:26,54,1,2,1
518,10/02/2019 09:26,54,1,2,1
519,10/02/2019 09:26,-59,0,2,1
520,10/02/2019 09:26,67,1,2,1
521,10/02/2019 09:26,53,1,2,1
522,10/02/2019 09:26,-49,0,2,1
523,10/02/2019 09:26,-46,0,2,1
524,10/02/2019 09:26,-53,0,2,1
525,10/02/2019 09:27,42,1,2,1
526,10/02/2019 09:27,-64,0,2,1
527,10/02/2019 09:27,41,1,4,1
528,10/02/2019 09:27,43,1,2,1
529,10/02/2019 09:27,47,1,2,1
530,10/02/2019 09:27,50,1,2,1
531,10/02/2019 09:27,-53,0,2,1
532,10/02/2019 09:27,42,1,2,1
533,10/02/2019 09:27,62,1,2,1
534,10/02/2019 09:28,56,1,2,1
535,10/02/2019 09:28,-58,0,2,1
536,10/02/2019 09:28,22,1,2,1
537,10/02/2019 09:28,-81,0,2,1
538,10/02/2019 09:29,-41,0,2,1
539,10/02/2019 09:29,41,1,2,1
540,10/02/2019 09:29,41,1,2,1
541,10/02/2019 09:29,40,1,4,1
542,10/02/2019 09:29,39,1,2,1
543,10/02/2019 09:29,40,1,2,1
544,10/02/2019 09:29,-68,0,2,1
545,10/02/2019 09:29,42,1,2,1
546,10/02/2019 09:29,-64,0,2,1
547,10/02/2019 09:30,57,1,2,1
548,10/02/2019 09:30,53,1,2,1
549,10/02/2019 09:30,67,1,2,1
550,10/02/2019 09:30,-62,0,2,1
551,10/02/2019 09:30,70,1,2,1
552,10/02/2019 09:30,-60,0,2,1
553,10/02/2019 09:30,54,1,2,1
554,10/02/2019 09:30,-57,0,2,1
555,10/02/2019 09:31,-62,0,2,1
556,10/02/2019 09:31,40,1,4,1
557,10/02/2019 09:31,41,1,2,1
558,10/02/2019 09:31,42,1,2,1
559,10/02/2019 09:31,45,1,2,1
560,10/02/2019 09:31,-51,0,2,1
561,10/02/2019 09:31,30,1,2,1
562,10/02/2019 09:31,38,1,2,1
563,10/02/2019 09:31,57,1,2,1
564,10/02/2019 09:31,54,1,2,1
565,10/02/2019 09:32,-42,0,3,1
566,10/02/2019 09:32,72,1,4,1
567,10/02/2019 09:32,-57,0,2,1
568,10/02/2019 09:33,-58,0,2,1
569,10/02/2019 09:33,-57,0,2,1
570,10/02/2019 09:33,41,1,2,1
571,10/02/2019 09:33,51,1,2,1
572,10/02/2019 09:33,15,1,2,1
573,10/02/2019 09:33,50,1,2,1
574,10/02/2019 09:33,51,1,2,1
575,10/02/2019 09:33,49,1,2,1
576,10/02/2019 09:33,-77,0,2,1
577,10/02/2019 09:33,50,1,2,1
578,10/02/2019 09:34,64,1,2,1
579,10/02/2019 09:34,53,1,2,1
580,10/02/2019 09:34,55,1,2,1
581,10/02/2019 09:34,55,1,2,1
582,10/02/2019 09:34,-62,0,2,1
583,10/02/2019 09:34,57,1,4,1
584,10/02/2019 09:34,56,1,2,1
585,10/02/2019 09:35,-58,0,2,1
586,10/02/2019 09:35,82,1,2,1
587,10/02/2019 09:35,-48,0,2,1
588,10/02/2019 09:35,-48,0,2,1
589,10/02/2019 09:36,68,1,4,1
590,10/02/2019 09:36,-54,0,3,1
591,10/02/2019 09:36,-54,0,2,1
592,10/02/2019 09:36,-48,0,2,1
593,10/02/2019 09:37,-45,0,2,1
594,10/02/2019 09:37,-60,0,2,1
595,10/02/2019 09:37,-67,0,2,1
596,10/02/2019 09:37,30,1,4,1
597,10/02/2019 09:37,39,1,2,1
598,10/02/2019 09:37,-61,0,2,1
599,10/02/2019 09:37,38,1,2,1
600,10/02/2019 09:38,-55,0,2,1
601,10/02/2019 09:38,-47,0,2,1
602,10/02/2019 09:38,-54,0,2,1
603,10/02/2019 09:38,39,1,2,1
604,10/02/2019 09:38,42,1,2,1
605,10/02/2019 09:38,31,1,2,1
606,10/02/2019 09:38,-48,0,2,1
607,10/02/2019 09:39,-50,0,2,1
608,10/02/2019 09:39,-50,0,2,1
609,10/02/2019 09:39,48,1,2,1
610,10/02/2019 09:39,46,1,2,1
611,10/02/2019 09:39,-51,0,2,1
612,10/02/2019 09:39,53,1,2,1
613,10/02/2019 09:39,-63,0,2,1
614,10/02/2019 09:39,50,1,2,1
615,10/02/2019 09:39,62,1,2,1
616,10/02/2019 09:39,53,1,2,1
617,10/02/2019 09:39,50,1,2,1
618,10/02/2019 09:39,-40,0,2,1
619,10/02/2019 09:40,-52,0,2,1
620,10/02/2019 09:40,-53,0,2,1
621,10/02/2019 09:40,-48,0,2,1
622,10/02/2019 09:40,-48,0,2,1
623,10/02/2019 09:40,-50,0,2,1
624,10/02/2019 09:40,45,1,4,1
625,10/02/2019 09:40,47,1,2,1
626,10/02/2019 09:40,43,1,2,1
627,10/02/2019 09:40,45,1,2,1
628,10/02/2019 09:40,51,1,4,1
629,10/02/2019 09:40,48,1,2,1
630,10/02/2019 09:40,50,1,2,1
631,10/02/2019 09:40,53,1,2,1
632,10/02/2019 09:41,64,1,2,1
633,10/02/2019 09:41,-54,0,2,1
634,10/02/2019 09:41,70,1,2,1
635,10/02/2019 09:41,-46,0,2,1
636,10/02/2019 09:42,-58,0,2,1
637,10/02/2019 09:42,47,1,2,1
638,10/02/2019 09:42,48,1,2,1
639,10/02/2019 09:42,52,1,4,1
640,10/02/2019 09:42,-59,0,2,1
641,10/02/2019 09:42,-50,0,2,1
642,10/02/2019 09:42,-49,0,2,1
643,10/02/2019 09:42,-50,0,2,1
644,10/02/2019 09:43,55,1,2,1
645,10/02/2019 09:43,-51,0,2,1
646,10/02/2019 09:43,-60,0,2,1
647,10/02/2019 09:43,48,1,2,1
648,10/02/2019 09:44,46,1,4,1
649,10/02/2019 09:44,44,1,2,1
650,10/02/2019 09:44,-47,0,2,1
651,10/02/2019 09:44,45,1,2,1
652,10/02/2019 09:44,59,1,2,1
653,10/02/2019 09:44,65,1,4,1
654,10/02/2019 09:44,68,1,4,1
655,10/02/2019 09:44,-64,0,2,1
656,10/02/2019 09:44,-59,0,2,1
657,10/02/2019 09:45,-58,0,2,1
658,10/02/2019 09:45,-50,0,2,1
659,10/02/2019 09:45,-60,0,2,1
660,10/02/2019 09:45,-49,0,2,1
661,10/02/2019 09:46,-46,0,2,1
662,10/02/2019 09:46,35,1,2,1
663,10/02/2019 09:46,31,1,4,1
664,10/02/2019 09:46,35,1,2,1
665,10/02/2019 09:46,-69,0,2,1
666,10/02/2019 09:46,44,1,2,1
667,10/02/2019 09:46,45,1,2,1
668,10/02/2019 09:46,45,1,2,1
669,10/02/2019 09:46,54,1,2,1
670,10/02/2019 09:46,-33,0,2,1
671,10/02/2019 09:46,49,1,2,1
672,10/02/2019 09:46,48,1,2,1
673,10/02/2019 09:46,48,1,2,1
674,10/02/2019 09:46,-52,0,2,1
675,10/02/2019 09:46,48,1,4,1
676,10/02/2019 09:46,50,1,2,1
677,10/02/2019 09:47,52,1,2,1
678,10/02/2019 09:47,-49,0,2,1
679,10/02/2019 09:47,50,1,2,1
680,10/02/2019 09:47,-58,0,2,1
681,10/02/2019 09:48,-76,0,2,1
682,10/02/2019 09:48,51,1,2,1
683,10/02/2019 09:48,-57,0,2,1
684,10/02/2019 09:49,-72,0,2,1
685,10/02/2019 09:49,49,1,2,1
686,10/02/2019 09:49,51,1,2,1
687,10/02/2019 09:49,49,1,2,1
688,10/02/2019 09:49,49,1,4,1
689,10/02/2019 09:49,51,1,2,1
690,10/02/2019 09:49,-57,0,2,1
691,10/02/2019 09:49,-73,0,2,1
692,10/02/2019 09:50,-32,0,2,1
693,10/02/2019 09:50,47,1,2,1
694,10/02/2019 09:50,-62,0,2,1
695,10/02/2019 09:50,58,1,2,1
696,10/02/2019 09:50,63,1,2,1
697,10/02/2019 09:50,-54,0,2,1
698,10/02/2019 09:50,42,1,4,1
699,10/02/2019 09:50,61,1,2,1
700,10/02/2019 09:51,-58,0,2,1
701,10/02/2019 09:51,-55,0,2,1
702,10/02/2019 09:51,-50,0,2,1
703,10/02/2019 09:51,-58,0,2,1
704,10/02/2019 09:52,-46,0,2,1
705,10/02/2019 09:52,63,1,2,1
706,10/02/2019 09:52,-57,0,2,1
707,10/02/2019 09:52,52,1,4,1
708,10/02/2019 09:52,-48,0,2,1
709,10/02/2019 09:52,-61,0,2,1
710,10/02/2019 09:52,64,1,2,1
711,10/02/2019 09:52,69,1,3,1
712,10/02/2019 09:52,-60,0,2,1
713,10/02/2019 09:53,-69,0,2,1
714,10/02/2019 09:53,-57,0,2,1
715,10/02/2019 09:53,-53,0,3,1
716,10/02/2019 09:53,-48,0,2,1
717,10/02/2019 09:53,-47,0,2,1
718,10/02/2019 09:53,58,1,4,1
719,10/02/2019 09:53,56,1,2,1
720,10/02/2019 09:53,54,1,2,1
721,10/02/2019 09:53,-45,0,2,1
722,10/02/2019 09:54,49,1,2,1
723,10/02/2019 09:54,49,1,2,1
724,10/02/2019 09:54,-39,0,2,1
725,10/02/2019 09:54,44,1,2,1
726,10/02/2019 09:54,44,1,2,1
727,10/02/2019 09:54,45,1,2,1
728,10/02/2019 09:54,-60,0,2,1
729,10/02/2019 09:54,68,1,2,1
730,10/02/2019 09:55,51,1,2,1
731,10/02/2019 09:55,-50,0,2,1
732,10/02/2019 09:55,-57,0,2,1
733,10/02/2019 09:55,-53,0,2,1
734,10/02/2019 09:56,-55,0,2,1
735,10/02/2019 09:56,-54,0,2,1
736,10/02/2019 09:56,42,1,2,1
737,10/02/2019 09:56,42,1,2,1
738,10/02/2019 09:57,47,1,2,1
739,10/02/2019 09:57,-68,0,2,1
740,10/02/2019 09:57,51,1,2,1
741,10/02/2019 09:57,53,1,2,1
742,10/02/2019 09:57,51,1,2,1
743,10/02/2019 09:57,-62,0,2,1
744,10/02/2019 09:57,-59,0,2,1
745,10/02/2019 09:57,-55,0,2,1
746,10/02/2019 09:57,44,1,2,1
747,10/02/2019 09:58,-56,0,2,1
748,10/02/2019 09:58,-54,0,2,1
749,10/02/2019 09:58,66,1,2,1
750,10/02/2019 09:58,-50,0,2,1
751,10/02/2019 09:58,-46,0,2,1
752,10/02/2019 09:58,61,1,2,1
753,10/02/2019 09:58,50,1,2,1
754,10/02/2019 09:59,60,1,2,1
755,10/02/2019 09:59,56,1,2,1
756,10/02/2019 09:59,61,1,2,1
757,10/02/2019 09:59,-56,0,3,1
758,10/02/2019 09:59,67,1,2,1
759,10/02/2019 09:59,60,1,2,1
760,10/02/2019 10:00,-71,0,2,1
761,10/02/2019 10:00,-67,0,2,1
762,10/02/2019 10:00,46,1,2,1
763,10/02/2019 10:00,-58,0,2,1
764,10/02/2019 10:01,-55,0,2,1
765,10/02/2019 10:01,58,1,2,1
766,10/02/2019 10:01,-81,0,2,1
767,10/02/2019 10:01,-60,0,2,1
768,10/02/2019 10:01,69,1,2,1
769,10/02/2019 10:01,-51,0,3,1
770,10/02/2019 10:01,-55,0,2,1
771,10/02/2019 10:01,-59,0,2,1
772,10/02/2019 10:02,52,1,2,1
773,10/02/2019 10:02,54,1,2,1
774,10/02/2019 10:02,40,1,2,1
775,10/02/2019 10:02,-49,0,2,1
776,10/02/2019 10:02,-48,0,2,1
777,10/02/2019 10:02,62,1,2,1
778,10/02/2019 10:02,66,1,2,1
779,10/02/2019 10:02,-60,0,2,1
780,10/02/2019 10:03,-59,0,2,1
781,10/02/2019 10:03,-60,0,2,1
782,10/02/2019 10:03,46,1,2,1
783,10/02/2019 10:03,-66,0,2,1
784,10/02/2019 10:04,-53,0,2,1
785,10/02/2019 10:04,-58,0,2,1
786,10/02/2019 10:04,-73,0,2,1
787,10/02/2019 10:04,-49,0,2,1
788,10/02/2019 10:04,63,1,2,1
789,10/02/2019 10:05,-48,0,2,1
790,10/02/2019 10:05,5,1,2,1
791,10/02/2019 10:05,67,1,2,1
792,10/02/2019 10:05,-51,0,2,1
793,10/02/2019 10:05,62,1,2,1
794,10/02/2019 10:05,-54,0,2,1
795,10/02/2019 10:05,-54,0,2,1
796,10/02/2019 10:05,22,1,2,1
797,10/02/2019 10:05,-52,0,2,1
798,10/02/2019 10:06,-53,0,2,1
799,10/02/2019 10:06,-47,0,2,1
800,10/02/2019 10:06,-53,0,2,1
801,10/02/2019 10:06,45,1,2,1
802,10/02/2019 10:06,46,1,2,1
803,10/02/2019 10:07,64,1,2,1
804,10/02/2019 10:07,-57,0,2,1
805,10/02/2019 10:07,55,1,2,1
806,10/02/2019 10:07,56,1,2,1
807,10/02/2019 10:07,57,1,2,1
808,10/02/2019 10:07,-59,0,2,1
809,10/02/2019 10:07,51,1,2,1
810,10/02/2019 10:07,53,1,4,1
811,10/02/2019 10:07,53,1,2,1
812,10/02/2019 10:07,-52,0,3,1
813,10/02/2019 10:07,70,1,2,1
814,10/02/2019 10:07,-50,0,2,1
815,10/02/2019 10:08,-56,0,2,1
816,10/02/2019 10:08,65,1,2,1
817,10/02/2019 10:08,-53,0,2,1
818,10/02/2019 10:08,-53,0,2,1
819,10/02/2019 10:08,-56,0,2,1
820,10/02/2019 10:08,49,1,2,1
821,10/02/2019 10:09,-54,0,2,1
822,10/02/2019 10:09,18,1,2,1
823,10/02/2019 10:09,-80,0,2,1
824,10/02/2019 10:09,67,1,4,1
825,10/02/2019 10:09,-46,0,2,1
826,10/02/2019 10:10,55,1,2,1
827,10/02/2019 10:10,62,1,2,1
828,10/02/2019 10:10,-51,0,2,1
829,10/02/2019 10:10,-57,0,2,1
830,10/02/2019 10:10,68,1,2,1
831,10/02/2019 10:10,-45,0,2,1
832,10/02/2019 10:10,-48,0,2,1
833,10/02/2019 10:11,68,1,2,1
834,10/02/2019 10:11,49,1,4,1
835,10/02/2019 10:11,-57,0,2,1
836,10/02/2019 10:11,51,1,2,1
837,10/02/2019 10:11,-62,0,2,1
838,10/02/2019 10:11,45,1,2,1
839,10/02/2019 10:11,-60,0,2,1
840,10/02/2019 10:11,-59,0,2,1
841,10/02/2019 10:12,40,1,2,1
842,10/02/2019 10:12,-55,0,2,1
843,10/02/2019 10:12,-48,0,2,1
844,10/02/2019 10:12,44,1,2,1
845,10/02/2019 10:12,-55,0,2,1
846,10/02/2019 10:12,-79,0,2,1
847,10/02/2019 10:13,49,1,4,1
848,10/02/2019 10:13,52,1,4,1
849,10/02/2019 10:13,50,1,2,1
850,10/02/2019 10:13,-51,0,2,1
851,10/02/2019 10:13,52,1,2,1
852,10/02/2019 10:13,51,1,2,1
853,10/02/2019 10:13,-12,0,3,1
854,10/02/2019 10:13,-58,0,2,1
855,10/02/2019 10:13,44,1,2,1
856,10/02/2019 10:14,-47,0,2,1
857,10/02/2019 10:14,53,1,2,1
858,10/02/2019 10:14,50,1,2,1
859,10/02/2019 10:14,-61,0,2,1
860,10/02/2019 10:14,-55,0,2,1
861,10/02/2019 10:14,45,1,4,1
862,10/02/2019 10:14,46,1,2,1
863,10/02/2019 10:14,50,1,2,1
864,10/02/2019 10:14,54,1,2,1
865,10/02/2019 10:14,52,1,2,1
866,10/02/2019 10:15,-45,0,2,1
867,10/02/2019 10:15,-45,0,2,1
868,10/02/2019 10:15,-54,0,2,1
869,10/02/2019 10:15,-55,0,2,1
870,10/02/2019 10:15,-54,0,2,1
871,10/02/2019 10:15,48,1,2,1
872,10/02/2019 10:15,58,1,2,1
873,10/02/2019 10:15,67,1,2,1
874,10/02/2019 10:15,-49,0,2,1
875,10/02/2019 10:16,-49,0,2,1
876,10/02/2019 10:16,-53,0,2,1
877,10/02/2019 10:16,51,1,2,1
878,10/02/2019 10:16,48,1,2,1
879,10/02/2019 10:16,44,1,2,1
880,10/02/2019 10:16,44,1,4,1
881,10/02/2019 10:16,-40,0,2,1
882,10/02/2019 10:16,-37,0,2,1
883,10/02/2019 10:17,5,1,2,1
884,10/02/2019 10:17,46,1,4,1
885,10/02/2019 10:17,-51,0,2,1
886,10/02/2019 10:17,38,1,2,1
887,10/02/2019 10:17,51,1,2,1
888,10/02/2019 10:17,56,1,2,1
889,10/02/2019 10:18,-46,0,2,1
890,10/02/2019 10:18,-48,0,2,1
891,10/02/2019 10:18,-62,0,2,1
892,10/02/2019 10:18,73,1,2,1
893,10/02/2019 10:18,73,1,2,1
894,10/02/2019 10:18,-50,0,2,1
895,10/02/2019 10:18,-56,0,2,1
896,10/02/2019 10:18,53,1,2,1
897,10/02/2019 10:18,-65,0,2,1
898,10/02/2019 10:19,40,1,2,1
899,10/02/2019 10:19,53,1,2,1
900,10/02/2019 10:19,52,1,2,1
901,10/02/2019 10:19,50,1,2,1
902,10/02/2019 10:19,49,1,2,1
903,10/02/2019 10:19,-42,0,3,1
904,10/02/2019 10:19,-45,0,2,1
905,10/02/2019 10:19,-54,0,2,1
906,10/02/2019 10:20,-54,0,2,1
907,10/02/2019 10:20,-57,0,2,1
908,10/02/2019 10:20,-55,0,3,1
909,10/02/2019 10:20,22,1,2,1
910,10/02/2019 10:21,-69,0,2,1
911,10/02/2019 10:21,-44,0,2,1
912,10/02/2019 10:21,30,1,4,1
913,10/02/2019 10:21,33,1,2,1
914,10/02/2019 10:21,33,1,2,1
915,10/02/2019 10:21,42,1,2,1
916,10/02/2019 10:21,46,1,2,1
917,10/02/2019 10:21,40,1,2,1
918,10/02/2019 10:21,40,1,2,1
919,10/02/2019 10:21,38,1,2,1
920,10/02/2019 10:21,49,1,2,1
921,10/02/2019 10:22,-51,0,2,1
922,10/02/2019 10:22,-55,0,2,1
923,10/02/2019 10:22,-65,0,2,1
924,10/02/2019 10:23,-57,0,2,1
925,10/02/2019 10:23,64,1,2,1
926,10/02/2019 10:23,66,1,2,1
927,10/02/2019 10:23,5,1,2,1
928,10/02/2019 10:23,61,1,2,1
929,10/02/2019 10:23,63,1,2,1
930,10/02/2019 10:23,-44,0,2,1
931,10/02/2019 10:24,-54,0,2,1
932,10/02/2019 10:24,68,1,2,1
933,10/02/2019 10:24,-47,0,2,1
934,10/02/2019 10:24,-47,0,2,1
935,10/02/2019 10:24,-47,0,2,1
936,10/02/2019 10:24,-49,0,2,1
937,10/02/2019 10:24,-51,0,2,1
938,10/02/2019 10:24,33,1,2,1
939,10/02/2019 10:25,50,1,2,1
940,10/02/2019 10:25,-53,0,2,1
941,10/02/2019 10:25,45,1,2,1
942,10/02/2019 10:25,43,1,2,1
943,10/02/2019 10:25,-54,0,2,1
944,10/02/2019 10:25,38,1,2,1
945,10/02/2019 10:25,-50,0,2,1
946,10/02/2019 10:25,41,1,2,1
947,10/02/2019 10:25,41,1,2,1
948,10/02/2019 10:26,45,1,2,1
949,10/02/2019 10:26,51,1,2,1
950,10/02/2019 10:26,41,1,2,1
951,10/02/2019 10:26,45,1,2,1
952,10/02/2019 10:26,46,1,2,1
953,10/02/2019 10:26,41,1,2,1
954,10/02/2019 10:26,42,1,2,1
955,10/02/2019 10:26,50,1,2,1
956,10/02/2019 10:26,-45,0,2,1
957,10/02/2019 10:26,54,1,2,1
958,10/02/2019 10:26,-44,0,2,1
959,10/02/2019 10:26,-44,0,2,1
960,10/02/2019 10:26,-57,0,2,1
961,10/02/2019 10:27,-55,0,2,1
962,10/02/2019 10:27,48,1,2,1
963,10/02/2019 10:27,-51,0,2,1
964,10/02/2019 10:27,-49,0,2,1
965,10/02/2019 10:27,40,1,4,1
966,10/02/2019 10:27,37,1,2,1
967,10/02/2019 10:27,37,1,4,1
968,10/02/2019 10:27,36,1,2,1
969,10/02/2019 10:27,-48,0,2,1
970,10/02/2019 10:27,45,1,2,1
971,10/02/2019 10:27,51,1,2,1
972,10/02/2019 10:27,54,1,2,1
973,10/02/2019 10:28,-60,0,2,1
974,10/02/2019 10:28,-65,0,2,1
975,10/02/2019 10:28,50,1,2,1
976,10/02/2019 10:28,55,1,2,1
977,10/02/2019 10:28,55,1,4,1
978,10/02/2019 10:28,-54,0,2,1
979,10/02/2019 10:28,66,1,2,1
980,10/02/2019 10:28,-50,0,2,1
981,10/02/2019 10:29,-53,0,2,1
982,10/02/2019 10:29,59,1,2,1
983,10/02/2019 10:29,-41,0,2,1
984,10/02/2019 10:29,67,1,2,1
985,10/02/2019 10:29,39,1,2,1
986,10/02/2019 10:29,41,1,2,1
987,10/02/2019 10:29,-48,0,2,1
988,10/02/2019 10:29,48,1,2,1
989,10/02/2019 10:29,-68,0,3,1
990,10/02/2019 10:29,59,1,2,1
991,10/02/2019 10:30,60,1,2,1
992,10/02/2019 10:30,60,1,2,1
993,10/02/2019 10:30,-60,0,2,1
994,10/02/2019 10:30,-47,0,2,1
995,10/02/2019 10:30,32,1,2,1
996,10/02/2019 10:30,34,1,2,1
997,10/02/2019 10:30,39,1,2,1
998,10/02/2019 10:30,41,1,2,1
999,10/02/2019 10:31,40,1,2,1
1000,10/02/2019 10:31,40,1,2,1
1001,10/02/2019 10:31,46,1,2,1
1002,10/02/2019 10:31,-63,0,2,1
1003,10/02/2019 10:31,52,1,2,1
1004,10/02/2019 10:31,52,1,2,1
1005,10/02/2019 10:31,49,1,2,1
1006,10/02/2019 10:31,64,1,2,1
1007,10/02/2019 10:31,64,1,2,1
1008,10/02/2019 10:31,-84,0,2,1
1009,10/02/2019 10:32,42,1,2,1
1010,10/02/2019 10:32,-64,0,2,1
1011,10/02/2019 10:32,3,1,2,1
1012,10/02/2019 10:32,-49,0,2,1
1013,10/02/2019 10:32,-61,0,2,1
1014,10/02/2019 10:33,39,1,4,1
1015,10/02/2019 10:33,44,1,4,1
1016,10/02/2019 10:33,49,1,2,1
1017,10/02/2019 10:33,38,1,2,1
1018,10/02/2019 10:33,50,1,4,1
1019,10/02/2019 10:33,49,1,2,1
1020,10/02/2019 10:33,45,1,2,1
1021,10/02/2019 10:33,54,1,2,1
1022,10/02/2019 10:33,64,1,2,1
1023,10/02/2019 10:33,65,1,2,1
1024,10/02/2019 10:33,-57,0,2,1
1025,10/02/2019 10:33,-55,0,3,1
1026,10/02/2019 10:33,-62,0,2,1
1027,10/02/2019 10:33,60,1,2,1
1028,10/02/2019 10:34,47,1,2,1
1029,10/02/2019 10:34,46,1,2,1
1030,10/02/2019 10:34,-86,0,2,1
1031,10/02/2019 10:34,78,1,4,1
1032,10/02/2019 10:35,-54,0,2,1
1033,10/02/2019 10:36,-60,0,2,1
1034,10/02/2019 10:36,-54,0,3,1
1035,10/02/2019 10:36,43,1,2,1
1036,10/02/2019 10:36,-55,0,2,1
1037,10/02/2019 10:36,66,1,2,1
1038,10/02/2019 10:36,64,1,2,1
1039,10/02/2019 10:36,-49,0,2,1
1040,10/02/2019 10:37,39,1,2,1
1041,10/02/2019 10:37,-54,0,2,1
1042,10/02/2019 10:37,41,1,2,1
1043,10/02/2019 10:37,45,1,2,1
1044,10/02/2019 10:37,-56,0,2,1
1045,10/02/2019 10:37,-69,0,2,1
1046,10/02/2019 10:37,-46,0,3,1
1047,10/02/2019 10:37,60,1,2,1
1048,10/02/2019 10:37,44,1,2,1
1049,10/02/2019 10:37,43,1,2,1
1050,10/02/2019 10:37,-50,0,2,1
1051,10/02/2019 10:37,49,1,4,1
1052,10/02/2019 10:38,48,1,2,1
1053,10/02/2019 10:38,57,1,4,1
1054,10/02/2019 10:38,-62,0,2,1
1055,10/02/2019 10:38,-46,0,2,1
1056,10/02/2019 10:38,-50,0,2,1
1057,10/02/2019 10:38,37,1,2,1
1058,10/02/2019 10:38,-54,0,2,1
1059,10/02/2019 10:38,47,1,4,1
1060,10/02/2019 10:38,47,1,2,1
1061,10/02/2019 10:38,-48,0,2,1
1062,10/02/2019 10:38,-53,0,2,1
1063,10/02/2019 10:39,-59,0,2,1
1064,10/02/2019 10:39,-59,0,2,1
1065,10/02/2019 10:39,-50,0,2,1
1066,10/02/2019 10:39,-42,0,2,1
1067,10/02/2019 10:39,47,1,4,1
1068,10/02/2019 10:40,51,1,2,1
1069,10/02/2019 10:40,51,1,2,1
1070,10/02/2019 10:40,-15,0,2,1
1071,10/02/2019 10:40,-54,0,2,1
1072,10/02/2019 10:40,-44,0,4,1
1073,10/02/2019 10:40,-59,0,2,1
1074,10/02/2019 10:40,35,1,2,1
1075,10/02/2019 10:41,39,1,4,1
1076,10/02/2019 10:41,41,1,2,1
1077,10/02/2019 10:41,40,1,2,1
1078,10/02/2019 10:41,64,1,2,1
1079,10/02/2019 10:41,-54,0,2,1
1080,10/02/2019 10:42,-58,0,2,1
1081,10/02/2019 10:42,-44,0,2,1
1082,10/02/2019 10:42,-56,0,2,1
1083,10/02/2019 10:42,51,1,4,1
1084,10/02/2019 10:42,53,1,2,1
1085,10/02/2019 10:42,45,1,2,1
1086,10/02/2019 10:42,52,1,2,1
1087,10/02/2019 10:42,-63,0,2,1
1088,10/02/2019 10:42,54,1,2,1
1089,10/02/2019 10:42,54,1,2,1
1090,10/02/2019 10:42,-68,0,2,1
1091,10/02/2019 10:43,-61,0,2,1
1092,10/02/2019 10:43,-62,0,2,1
1093,10/02/2019 10:44,-52,0,2,1
1094,10/02/2019 10:44,40,1,2,1
1095,10/02/2019 10:44,48,1,2,1
1096,10/02/2019 10:44,45,1,2,1
1097,10/02/2019 10:44,47,1,4,1
1098,10/02/2019 10:44,46,1,4,1
1099,10/02/2019 10:44,50,1,2,1
1100,10/02/2019 10:44,54,1,4,1
1101,10/02/2019 10:44,54,1,2,1
1102,10/02/2019 10:44,68,1,2,1
1103,10/02/2019 10:44,-73,0,2,1
1104,10/02/2019 10:44,58,1,4,1
1105,10/02/2019 10:45,-68,0,2,1
1106,10/02/2019 10:45,50,1,2,1
1107,10/02/2019 10:45,-55,0,2,1
1108,10/02/2019 10:45,-53,0,2,1
1109,10/02/2019 10:45,-49,0,2,1
1110,10/02/2019 10:45,51,1,2,1
1111,10/02/2019 10:45,-59,0,2,1
1112,10/02/2019 10:45,-55,0,2,1
1113,10/02/2019 10:45,-57,0,2,1
1114,10/02/2019 10:46,-50,0,2,1
1115,10/02/2019 10:46,41,1,4,1
1116,10/02/2019 10:46,43,1,2,1
1117,10/02/2019 10:46,44,1,4,1
1118,10/02/2019 10:46,46,1,2,1
1119,10/02/2019 10:46,43,1,2,1
1120,10/02/2019 10:46,38,1,2,1
1121,10/02/2019 10:46,-48,0,2,1
1122,10/02/2019 10:46,-63,0,2,1
1123,10/02/2019 10:46,52,1,2,1
1124,10/02/2019 10:46,-60,0,2,1
1125,10/02/2019 10:47,57,1,4,1
1126,10/02/2019 10:47,57,1,2,1
1127,10/02/2019 10:47,55,1,2,1
1128,10/02/2019 10:47,60,1,2,1
1129,10/02/2019 10:47,-61,0,2,1
1130,10/02/2019 10:48,54,1,2,1
1131,10/02/2019 10:48,-43,0,2,1
1132,10/02/2019 10:48,-59,0,2,1
1133,10/02/2019 10:48,-55,0,2,1
1134,10/02/2019 10:49,58,1,2,1
1135,10/02/2019 10:49,-57,0,2,1
1136,10/02/2019 10:49,63,1,2,1
1137,10/02/2019 10:49,-40,0,2,1
1138,10/02/2019 10:49,-40,0,2,1
1139,10/02/2019 10:49,-49,0,2,1
1140,10/02/2019 10:50,-45,0,2,1
1141,10/02/2019 10:50,-52,0,2,1
1142,10/02/2019 10:50,50,1,2,1
1143,10/02/2019 10:50,-54,0,2,1
1144,10/02/2019 10:50,51,1,2,1
1145,10/02/2019 10:50,-74,0,2,1
1146,10/02/2019 10:50,51,1,2,1
1147,10/02/2019 10:50,-58,0,2,1
1148,10/02/2019 10:50,51,1,4,1
1149,10/02/2019 10:50,49,1,2,1
1150,10/02/2019 10:50,50,1,2,1
1151,10/02/2019 10:50,67,1,2,1
1152,10/02/2019 10:50,61,1,2,1
1153,10/02/2019 10:50,-55,0,2,1
1154,10/02/2019 10:51,-59,0,2,1
1155,10/02/2019 10:51,46,1,2,1
1156,10/02/2019 10:51,48,1,2,1
1157,10/02/2019 10:51,48,1,2,1
1158,10/02/2019 10:51,-65,0,2,1
1159,10/02/2019 10:51,59,1,2,1
1160,10/02/2019 10:51,-62,0,2,1
1161,10/02/2019 10:51,59,1,2,1
1162,10/02/2019 10:52,-48,0,2,1
1163,10/02/2019 10:52,-44,0,2,1
1164,10/02/2019 10:52,-49,0,2,1
1165,10/02/2019 10:52,-42,0,2,1
1166,10/02/2019 10:52,42,1,2,1
1167,10/02/2019 10:52,-55,0,2,1
1168,10/02/2019 10:52,-51,0,2,1
1169,10/02/2019 10:52,51,1,2,1
1170,10/02/2019 10:52,51,1,2,1
1171,10/02/2019 10:52,-51,0,2,1
1172,10/02/2019 10:52,-49,0,2,1
1173,10/02/2019 10:52,-53,0,2,1
1174,10/02/2019 10:52,-62,0,2,1
1175,10/02/2019 10:53,-40,0,2,1
1176,10/02/2019 10:53,25,1,2,1
1177,10/02/2019 10:53,60,1,2,1
1178,10/02/2019 10:53,-59,0,2,1
1179,10/02/2019 10:53,44,1,4,1
1180,10/02/2019 10:53,-62,0,3,1
1181,10/02/2019 10:53,-59,0,2,1
1182,10/02/2019 10:54,43,1,4,1
1183,10/02/2019 10:54,55,1,2,1
1184,10/02/2019 10:54,-50,0,2,1
1185,10/02/2019 10:54,-57,0,2,1
1186,10/02/2019 10:54,49,1,2,1
1187,10/02/2019 10:54,48,1,4,1
1188,10/02/2019 10:54,47,1,2,1
1189,10/02/2019 10:54,44,1,2,1
1190,10/02/2019 10:54,55,1,4,1
1191,10/02/2019 10:55,5,1,2,1
1192,10/02/2019 10:55,-60,0,2,1
1193,10/02/2019 10:55,-55,0,2,1
1194,10/02/2019 10:55,-55,0,2,1
1195,10/02/2019 10:55,-49,0,2,1
1196,10/02/2019 10:55,-51,0,2,1
1197,10/02/2019 10:55,36,1,2,1
1198,10/02/2019 10:55,36,1,2,1
1199,10/02/2019 10:55,-54,0,2,1
1200,10/02/2019 10:55,-57,0,2,1
1201,10/02/2019 10:56,-59,0,2,1
1202,10/02/2019 10:56,-69,0,2,1
1203,10/02/2019 10:56,63,1,2,1
1204,10/02/2019 10:56,-44,0,2,1
1205,10/02/2019 10:56,-61,0,2,1
1206,10/02/2019 10:56,51,1,2,1
1207,10/02/2019 10:57,-58,0,2,1
1208,10/02/2019 10:57,-58,0,4,1
1209,10/02/2019 10:57,-50,0,2,1
1210,10/02/2019 10:57,-54,0,2,1
1211,10/02/2019 10:57,-59,0,2,1
1212,10/02/2019 10:58,-54,0,2,1
1213,10/02/2019 10:58,-51,0,2,1
1214,10/02/2019 10:58,39,1,2,1
1215,10/02/2019 10:58,42,1,2,1
1216,10/02/2019 10:58,46,1,4,1
1217,10/02/2019 10:58,45,1,2,1
1218,10/02/2019 10:58,47,1,2,1
1219,10/02/2019 10:58,45,1,4,1
1220,10/02/2019 10:58,-63,0,2,1
1221,10/02/2019 10:58,-47,0,2,1
1222,10/02/2019 10:58,-57,0,2,1
1223,10/02/2019 10:58,-60,0,2,1
1224,10/02/2019 10:58,45,1,2,1
1225,10/02/2019 10:58,51,1,4,1
1226,10/02/2019 10:59,-58,0,3,1
1227,10/02/2019 10:59,46,1,2,1
1228,10/02/2019 10:59,-68,0,2,1
1229,10/02/2019 10:59,-66,0,3,1
1230,10/02/2019 10:59,-48,0,2,1
1231,10/02/2019 10:59,-54,0,2,1
1232,10/02/2019 10:59,-58,0,2,1
1233,10/02/2019 10:59,57,1,2,1
1234,10/02/2019 10:59,-58,0,2,1
1235,10/02/2019 10:59,69,1,4,1
1236,10/02/2019 11:00,60,1,4,1
1237,10/02/2019 11:00,-56,0,2,1
1238,10/02/2019 11:00,57,1,2,1
1239,10/02/2019 11:01,66,1,4,1
1240,10/02/2019 11:01,-57,0,3,1
1241,10/02/2019 11:01,-40,0,2,1
1242,10/02/2019 11:01,45,1,2,1
1243,10/02/2019 11:01,51,1,2,1
1244,10/02/2019 11:01,-61,0,2,1
1245,10/02/2019 11:01,-63,0,2,1
1246,10/02/2019 11:01,-57,0,2,1
1247,10/02/2019 11:02,44,1,2,1
1248,10/02/2019 11:02,-68,0,2,1
1249,10/02/2019 11:02,-55,0,2,1
1250,10/02/2019 11:02,-49,0,2,1
1251,10/02/2019 11:02,41,1,2,1
1252,10/02/2019 11:02,39,1,2,1
1253,10/02/2019 11:02,38,1,2,1
1254,10/02/2019 11:02,41,1,2,1
1255,10/02/2019 11:03,55,1,4,1
1256,10/02/2019 11:03,54,1,2,1
1257,10/02/2019 11:03,-39,0,2,1
1258,10/02/2019 11:03,-39,0,2,1
1259,10/02/2019 11:03,62,1,2,1
1260,10/02/2019 11:03,58,1,2,1
1261,10/02/2019 11:03,-47,0,2,1
1262,10/02/2019 11:03,55,1,2,1
1263,10/02/2019 11:03,51,1,2,1
1264,10/02/2019 11:03,-49,0,2,1
1265,10/02/2019 11:03,-57,0,2,1
1266,10/02/2019 11:03,-55,0,2,1
1267,10/02/2019 11:03,51,1,4,1
1268,10/02/2019 11:04,-54,0,2,1
1269,10/02/2019 11:04,-72,0,2,1
1270,10/02/2019 11:04,-61,0,2,1
1271,10/02/2019 11:04,-57,0,2,1
1272,10/02/2019 11:04,-50,0,2,1
1273,10/02/2019 11:04,-48,0,2,1
1274,10/02/2019 11:04,-56,0,2,1
1275,10/02/2019 11:04,-44,0,2,1
1276,10/02/2019 11:05,39,1,2,1
1277,10/02/2019 11:05,45,1,2,1
1278,10/02/2019 11:05,50,1,2,1
1279,10/02/2019 11:05,58,1,2,1
1280,10/02/2019 11:05,60,1,2,1
1281,10/02/2019 11:05,64,1,2,1
1282,10/02/2019 11:05,-59,0,2,1
1283,10/02/2019 11:05,45,1,2,1
1284,10/02/2019 11:06,-54,0,2,1
1285,10/02/2019 11:06,47,1,2,1
1286,10/02/2019 11:06,57,1,4,1
1287,10/02/2019 11:06,57,1,2,1
1288,10/02/2019 11:06,-60,0,3,1
1289,10/02/2019 11:06,-51,0,2,1
1290,10/02/2019 11:06,-49,0,2,1
1291,10/02/2019 11:06,42,1,2,1
1292,10/02/2019 11:06,50,1,2,1
1293,10/02/2019 11:06,-50,0,2,1
1294,10/02/2019 11:07,42,1,2,1
1295,10/02/2019 11:07,46,1,2,1
1296,10/02/2019 11:07,-50,0,2,1
1297,10/02/2019 11:08,-50,0,2,1
1298,10/02/2019 11:08,42,1,2,1
1299,10/02/2019 11:08,-51,0,2,1
1300,10/02/2019 11:08,45,1,2,1
1301,10/02/2019 11:08,45,1,2,1
1302,10/02/2019 11:08,-50,0,2,1
1303,10/02/2019 11:08,53,1,2,1
1304,10/02/2019 11:08,-50,0,2,1
1305,10/02/2019 11:08,-45,0,2,1
1306,10/02/2019 11:08,-62,0,2,1
1307,10/02/2019 11:09,-45,0,2,1
1308,10/02/2019 11:09,-46,0,2,1
1309,10/02/2019 11:09,53,1,2,1
1310,10/02/2019 11:10,-56,0,2,1
1311,10/02/2019 11:10,-43,0,2,1
1312,10/02/2019 11:10,-64,0,2,1
1313,10/02/2019 11:10,-64,0,2,1
1314,10/02/2019 11:10,-55,0,2,1
1315,10/02/2019 11:10,43,1,2,1
1316,10/02/2019 11:10,44,1,2,1
1317,10/02/2019 11:10,42,1,2,1
1318,10/02/2019 11:10,-54,0,2,1
1319,10/02/2019 11:10,54,1,4,1
1320,10/02/2019 11:10,44,1,4,1
1321,10/02/2019 11:10,36,1,2,1
1322,10/02/2019 11:10,-52,0,2,1
1323,10/02/2019 11:10,47,1,4,1
1324,10/02/2019 11:11,-66,0,2,1
1325,10/02/2019 11:11,59,1,2,1
1326,10/02/2019 11:11,57,1,2,1
1327,10/02/2019 11:11,-59,0,2,1
1328,10/02/2019 11:11,-45,0,2,1
1329,10/02/2019 11:11,-55,0,2,1
1330,10/02/2019 11:12,-48,0,2,1
1331,10/02/2019 11:12,45,1,2,1
1332,10/02/2019 11:12,45,1,2,1
1333,10/02/2019 11:12,45,1,2,1
1334,10/02/2019 11:12,48,1,2,1
1335,10/02/2019 11:12,54,1,2,1
1336,10/02/2019 11:12,52,1,2,1
1337,10/02/2019 11:12,50,1,2,1
1338,10/02/2019 11:12,-60,0,2,1
1339,10/02/2019 11:12,62,1,4,1
1340,10/02/2019 11:12,-60,0,2,1
1341,10/02/2019 11:13,-61,0,2,1
1342,10/02/2019 11:13,-59,0,2,1
1343,10/02/2019 11:13,-59,0,2,1
1344,10/02/2019 11:13,-47,0,2,1
1345,10/02/2019 11:13,-52,0,2,1
1346,10/02/2019 11:13,-57,0,2,1
1347,10/02/2019 11:13,-79,0,2,1
1348,10/02/2019 11:14,53,1,2,1
1349,10/02/2019 11:14,49,1,2,1
1350,10/02/2019 11:14,-50,0,2,1
1351,10/02/2019 11:14,55,1,2,1
1352,10/02/2019 11:14,-51,0,2,1
1353,10/02/2019 11:14,-52,0,2,1
1354,10/02/2019 11:14,51,1,2,1
1355,10/02/2019 11:14,53,1,2,1
1356,10/02/2019 11:14,50,1,2,1
1357,10/02/2019 11:14,81,1,2,1
1358,10/02/2019 11:15,40,1,2,1
1359,10/02/2019 11:15,-49,0,2,1
1360,10/02/2019 11:15,42,1,2,1
1361,10/02/2019 11:15,39,1,2,1
1362,10/02/2019 11:15,-47,0,2,1
1363,10/02/2019 11:15,-41,0,2,1
1364,10/02/2019 11:15,44,1,2,1
1365,10/02/2019 11:15,-75,0,2,1
1366,10/02/2019 11:15,45,1,2,1
1367,10/02/2019 11:15,-53,0,2,1
1368,10/02/2019 11:15,47,1,2,1
1369,10/02/2019 11:15,-51,0,2,1
1370,10/02/2019 11:15,-50,0,2,1
1371,10/02/2019 11:16,53,1,2,1
1372,10/02/2019 11:16,-51,0,2,1
1373,10/02/2019 11:16,-60,0,2,1
1374,10/02/2019 11:16,-55,0,2,1
1375,10/02/2019 11:16,-66,0,2,1
1376,10/02/2019 11:16,-57,0,2,1
1377,10/02/2019 11:16,-54,0,2,1
1378,10/02/2019 11:16,-60,0,2,1
1379,10/02/2019 11:17,-64,0,2,1
1380,10/02/2019 11:17,26,1,4,1
1381,10/02/2019 11:17,-53,0,2,1
1382,10/02/2019 11:17,-58,0,2,1
1383,10/02/2019 11:17,-60,0,2,1
1384,10/02/2019 11:17,-58,0,2,1
1385,10/02/2019 11:17,40,1,2,1
1386,10/02/2019 11:17,44,1,2,1
1387,10/02/2019 11:17,40,1,2,1
1388,10/02/2019 11:17,44,1,2,1
1389,10/02/2019 11:17,42,1,2,1
1390,10/02/2019 11:17,48,1,4,1
1391,10/02/2019 11:17,42,1,2,1
1392,10/02/2019 11:17,-74,0,2,1
1393,10/02/2019 11:17,47,1,4,1
1394,10/02/2019 11:17,-46,0,2,1
1395,10/02/2019 11:17,-49,0,3,1
1396,10/02/2019 11:18,-49,0,2,1
1397,10/02/2019 11:18,-50,0,2,1
1398,10/02/2019 11:18,-50,0,3,1
1399,10/02/2019 11:18,60,1,2,1
1400,10/02/2019 11:18,-51,0,2,1
1401,10/02/2019 11:18,-43,0,2,1
1402,10/02/2019 11:18,-59,0,2,1
1403,10/02/2019 11:18,47,1,2,1
1404,10/02/2019 11:18,50,1,2,1
1405,10/02/2019 11:18,-56,0,2,1
1406,10/02/2019 11:18,51,1,2,1
1407,10/02/2019 11:18,-60,0,2,1
1408,10/02/2019 11:19,-53,0,2,1
1409,10/02/2019 11:19,-58,0,2,1
1410,10/02/2019 11:19,-53,0,2,1
1411,10/02/2019 11:19,-63,0,2,1
1412,10/02/2019 11:19,47,1,2,1
1413,10/02/2019 11:19,50,1,2,1
1414,10/02/2019 11:19,51,1,2,1
1415,10/02/2019 11:20,-47,0,2,1
1416,10/02/2019 11:20,-52,0,2,1
1417,10/02/2019 11:20,-51,0,2,1
1418,10/02/2019 11:20,-49,0,2,1
1419,10/02/2019 11:20,-48,0,2,1
1420,10/02/2019 11:20,-73,0,2,1
1421,10/02/2019 11:20,-53,0,2,1
1422,10/02/2019 11:20,-73,0,2,1
1423,10/02/2019 11:20,42,1,2,1
1424,10/02/2019 11:20,42,1,2,1
1425,10/02/2019 11:21,58,1,2,1
1426,10/02/2019 11:21,-49,0,2,1
1427,10/02/2019 11:21,-54,0,2,1
1428,10/02/2019 11:21,9,1,2,1
1429,10/02/2019 11:21,-58,0,2,1
1430,10/02/2019 11:21,-48,0,2,1
1431,10/02/2019 11:21,45,1,2,1
1432,10/02/2019 11:21,-55,0,2,1
1433,10/02/2019 11:21,51,1,2,1
1434,10/02/2019 11:22,42,1,2,1
1435,10/02/2019 11:22,46,1,4,1
1436,10/02/2019 11:22,49,1,4,1
1437,10/02/2019 11:22,41,1,4,1
1438,10/02/2019 11:22,-58,0,2,1
1439,10/02/2019 11:22,56,1,2,1
1440,10/02/2019 11:22,51,1,2,1
1441,10/02/2019 11:22,-58,0,3,1
1442,10/02/2019 11:22,-58,0,3,1
1443,10/02/2019 11:22,-48,0,2,1
1444,10/02/2019 11:22,-46,0,2,1
1445,10/02/2019 11:23,53,1,2,1
1446,10/02/2019 11:23,-64,0,2,1
1447,10/02/2019 11:23,42,1,4,1
1448,10/02/2019 11:23,39,1,2,1
1449,10/02/2019 11:23,48,1,4,1
1450,10/02/2019 11:23,48,1,2,1
1451,10/02/2019 11:23,49,1,2,1
1452,10/02/2019 11:23,-62,0,2,1
1453,10/02/2019 11:23,43,1,2,1
1454,10/02/2019 11:23,-50,0,2,1
1455,10/02/2019 11:23,43,1,4,1
1456,10/02/2019 11:23,44,1,2,1
1457,10/02/2019 11:24,-47,0,3,1
1458,10/02/2019 11:24,-54,0,2,1
1459,10/02/2019 11:24,-51,0,2,1
1460,10/02/2019 11:24,-62,0,2,1
1461,10/02/2019 11:25,49,1,2,1
1462,10/02/2019 11:25,-70,0,2,1
1463,10/02/2019 11:25,50,1,2,1
1464,10/02/2019 11:25,50,1,2,1
1465,10/02/2019 11:25,39,1,4,1
1466,10/02/2019 11:25,42,1,4,1
1467,10/02/2019 11:25,45,1,2,1
1468,10/02/2019 11:25,61,1,4,1
1469,10/02/2019 11:25,-60,0,2,1
1470,10/02/2019 11:25,67,1,4,1
1471,10/02/2019 11:25,-48,0,2,1
1472,10/02/2019 11:25,15,1,2,1
1473,10/02/2019 11:25,-51,0,2,1
1474,10/02/2019 11:25,-41,0,2,1
1475,10/02/2019 11:26,-51,0,2,1
1476,10/02/2019 11:26,36,1,2,1
1477,10/02/2019 11:26,39,1,2,1
1478,10/02/2019 11:26,-57,0,2,1
1479,10/02/2019 11:26,65,1,2,1
1480,10/02/2019 11:26,-58,0,2,1
1481,10/02/2019 11:27,-54,0,2,1
1482,10/02/2019 11:28,-54,0,3,1
1483,10/02/2019 11:28,49,1,4,1
1484,10/02/2019 11:28,50,1,2,1
1485,10/02/2019 11:28,-53,0,2,1
1486,10/02/2019 11:28,-51,0,2,1
1487,10/02/2019 11:28,54,1,2,1
1488,10/02/2019 11:28,60,1,2,1
1489,10/02/2019 11:28,51,1,2,1
1490,10/02/2019 11:28,54,1,4,1
1491,10/02/2019 11:28,53,1,2,1
1492,10/02/2019 11:29,-55,0,2,1
1493,10/02/2019 11:29,-70,0,2,1
1494,10/02/2019 11:29,-51,0,2,1
1495,10/02/2019 11:29,63,1,2,1
1496,10/02/2019 11:29,-62,0,2,1
1497,10/02/2019 11:29,68,1,4,1
1498,10/02/2019 11:29,-47,0,2,1
1499,10/02/2019 11:29,-46,0,2,1
1500,10/02/2019 11:29,47,1,2,1
1501,10/02/2019 11:29,-47,0,2,1
1502,10/02/2019 11:29,55,1,4,1
1503,10/02/2019 11:30,-69,0,2,1
1504,10/02/2019 11:30,-63,0,2,1
1505,10/02/2019 11:30,-57,0,2,1
1506,10/02/2019 11:30,23,1,2,1
1507,10/02/2019 11:31,23,1,2,1
1508,10/02/2019 11:31,36,1,4,1
1509,10/02/2019 11:31,38,1,2,1
1510,10/02/2019 11:31,42,1,2,1
1511,10/02/2019 11:31,-50,0,2,1
1512,10/02/2019 11:31,-51,0,3,1
1513,10/02/2019 11:31,50,1,2,1
1514,10/02/2019 11:31,49,1,2,1
1515,10/02/2019 11:31,-62,0,2,1
1516,10/02/2019 11:32,57,1,2,1
1517,10/02/2019 11:32,-61,0,2,1
1518,10/02/2019 11:32,-59,0,2,1
1519,10/02/2019 11:32,56,1,4,1
1520,10/02/2019 11:32,-56,0,2,1
1521,10/02/2019 11:32,-64,0,2,1
1522,10/02/2019 11:32,53,1,4,1
1523,10/02/2019 11:32,60,1,2,1
1524,10/02/2019 11:32,62,1,2,1
1525,10/02/2019 11:32,54,1,2,1
1526,10/02/2019 11:32,47,1,2,1
1527,10/02/2019 11:32,44,1,2,1
1528,10/02/2019 11:33,-66,0,2,1
1529,10/02/2019 11:33,-55,0,2,1
1530,10/02/2019 11:33,42,1,2,1
1531,10/02/2019 11:33,40,1,2,1
1532,10/02/2019 11:33,46,1,2,1
1533,10/02/2019 11:33,48,1,2,1
1534,10/02/2019 11:33,-49,0,2,1
1535,10/02/2019 11:33,50,1,2,1
1536,10/02/2019 11:33,-60,0,2,1
1537,10/02/2019 11:33,49,1,2,1
1538,10/02/2019 11:34,-39,0,2,1
1539,10/02/2019 11:34,-42,0,2,1
1540,10/02/2019 11:34,54,1,2,1
1541,10/02/2019 11:34,-47,0,2,1
1542,10/02/2019 11:35,-58,0,2,1
1543,10/02/2019 11:35,50,1,2,1
1544,10/02/2019 11:35,-59,0,2,1
1545,10/02/2019 11:35,48,1,2,1
1546,10/02/2019 11:35,50,1,2,1
1547,10/02/2019 11:35,47,1,2,1
1548,10/02/2019 11:36,-56,0,2,1
1549,10/02/2019 11:36,-60,0,2,1
1550,10/02/2019 11:36,-56,0,2,1
1551,10/02/2019 11:36,44,1,2,1
1552,10/02/2019 11:36,44,1,2,1
1553,10/02/2019 11:36,71,1,3,1
1554,10/02/2019 11:37,-60,0,2,1
1555,10/02/2019 11:37,41,1,2,1
1556,10/02/2019 11:37,-71,0,2,1
1557,10/02/2019 11:37,-68,0,2,1
1558,10/02/2019 11:37,-46,0,2,1
1559,10/02/2019 11:37,-78,0,2,1
1560,10/02/2019 11:37,-54,0,2,1
1561,10/02/2019 11:37,46,1,4,1
1562,10/02/2019 11:37,46,1,2,1
1563,10/02/2019 11:37,42,1,2,1
1564,10/02/2019 11:38,51,1,4,1
1565,10/02/2019 11:38,51,1,4,1
1566,10/02/2019 11:38,50,1,2,1
1567,10/02/2019 11:38,-38,0,2,1
1568,10/02/2019 11:38,75,1,2,1
1569,10/02/2019 11:38,-58,0,2,1
1570,10/02/2019 11:38,-49,0,2,1
1571,10/02/2019 11:38,-46,0,2,1
1572,10/02/2019 11:38,57,1,2,1
1573,10/02/2019 11:38,-53,0,2,1
1574,10/02/2019 11:39,54,1,2,1
1575,10/02/2019 11:39,-56,0,2,1
1576,10/02/2019 11:39,56,1,4,1
1577,10/02/2019 11:39,-57,0,2,1
1578,10/02/2019 11:40,-50,0,2,1
1579,10/02/2019 11:40,47,1,4,1
1580,10/02/2019 11:40,49,1,2,1
1581,10/02/2019 11:40,-44,0,2,1
1582,10/02/2019 11:40,-60,0,2,1
1583,10/02/2019 11:40,44,1,2,1
1584,10/02/2019 11:41,44,1,4,1
1585,10/02/2019 11:41,44,1,2,1
1586,10/02/2019 11:41,52,1,2,1
1587,10/02/2019 11:41,48,1,2,1
1588,10/02/2019 11:41,52,1,2,1
1589,10/02/2019 11:41,54,1,2,1
1590,10/02/2019 11:41,-48,0,2,1
1591,10/02/2019 11:41,-49,0,2,1
1592,10/02/2019 11:41,-61,0,2,1
1593,10/02/2019 11:41,-56,0,2,1
1594,10/02/2019 11:41,46,1,2,1
1595,10/02/2019 11:41,44,1,2,1
1596,10/02/2019 11:41,45,1,2,1
1597,10/02/2019 11:41,49,1,4,1
1598,10/02/2019 11:42,-52,0,2,1
1599,10/02/2019 11:42,36,1,2,1
1600,10/02/2019 11:42,39,1,2,1
1601,10/02/2019 11:42,57,1,2,1
1602,10/02/2019 11:42,60,1,2,1
1603,10/02/2019 11:43,-77,0,2,1
1604,10/02/2019 11:43,50,1,2,1
1605,10/02/2019 11:43,39,1,2,1
1606,10/02/2019 11:44,-62,0,2,1
1607,10/02/2019 11:44,-33,0,2,1
1608,10/02/2019 11:44,3,1,4,1
1609,10/02/2019 11:44,-72,0,2,1
1610,10/02/2019 11:44,45,1,2,1
1611,10/02/2019 11:44,46,1,2,1
1612,10/02/2019 11:44,-59,0,2,1
1613,10/02/2019 11:45,46,1,2,1
1614,10/02/2019 11:45,-46,0,2,1
1615,10/02/2019 11:45,-62,0,2,1
1616,10/02/2019 11:45,49,1,2,1
1617,10/02/2019 11:45,-73,0,2,1
1618,10/02/2019 11:45,-73,0,2,1
1619,10/02/2019 11:45,44,1,4,1
1620,10/02/2019 11:45,48,1,4,1
1621,10/02/2019 11:45,45,1,2,1
1622,10/02/2019 11:45,45,1,2,1
1623,10/02/2019 11:45,-50,0,2,1
1624,10/02/2019 11:45,-53,0,2,1
1625,10/02/2019 11:46,71,1,2,1
1626,10/02/2019 11:46,-60,0,2,1
1627,10/02/2019 11:46,-58,0,2,1
1628,10/02/2019 11:46,-53,0,2,1
1629,10/02/2019 11:47,-62,0,2,1
1630,10/02/2019 11:47,50,1,2,1
1631,10/02/2019 11:47,-49,0,2,1
1632,10/02/2019 11:47,25,1,2,1
1633,10/02/2019 11:47,44,1,2,1
1634,10/02/2019 11:47,37,1,2,1
1635,10/02/2019 11:47,38,1,2,1
1636,10/02/2019 11:47,41,1,2,1
1637,10/02/2019 11:47,51,1,2,1
1638,10/02/2019 11:47,51,1,2,1
1639,10/02/2019 11:47,-49,0,2,1
1640,10/02/2019 11:47,-50,0,2,1
1641,10/02/2019 11:47,57,1,2,1
1642,10/02/2019 11:47,-62,0,2,1
1643,10/02/2019 11:48,48,1,2,1
1644,10/02/2019 11:48,45,1,2,1
1645,10/02/2019 11:48,-49,0,2,1
1646,10/02/2019 11:48,50,1,2,1
1647,10/02/2019 11:48,50,1,2,1
1648,10/02/2019 11:48,52,1,2,1
1649,10/02/2019 11:48,54,1,2,1
1650,10/02/2019 11:48,-61,0,2,1
1651,10/02/2019 11:48,63,1,4,1
1652,10/02/2019 11:48,59,1,2,1
1653,10/02/2019 11:48,-71,0,2,1
1654,10/02/2019 11:48,50,1,4,1
1655,10/02/2019 11:48,53,1,4,1
1656,10/02/2019 11:49,-54,0,2,1
1657,10/02/2019 11:49,-53,0,2,1
1658,10/02/2019 11:49,76,1,4,1
1659,10/02/2019 11:49,-60,0,2,1
1660,10/02/2019 11:50,46,1,4,1
1661,10/02/2019 11:50,48,1,2,1
1662,10/02/2019 11:50,48,1,2,1
1663,10/02/2019 11:50,49,1,2,1
1664,10/02/2019 11:50,55,1,2,1
1665,10/02/2019 11:50,-46,0,2,1
1666,10/02/2019 11:50,72,1,2,1
1667,10/02/2019 11:50,-49,0,2,1
1668,10/02/2019 11:50,-72,0,2,1
1669,10/02/2019 11:50,-49,0,2,1
1670,10/02/2019 11:51,-47,0,2,1
1671,10/02/2019 11:51,-57,0,2,1
1672,10/02/2019 11:51,-44,0,2,1
1673,10/02/2019 11:51,-43,0,2,1
1674,10/02/2019 11:51,-47,0,2,1
1675,10/02/2019 11:51,64,1,4,1
1676,10/02/2019 11:51,-59,0,2,1
1677,10/02/2019 11:52,-60,0,2,1
1678,10/02/2019 11:52,-68,0,2,1
1679,10/02/2019 11:52,51,1,2,1
1680,10/02/2019 11:52,45,1,2,1
1681,10/02/2019 11:52,-70,0,2,1
1682,10/02/2019 11:52,49,1,2,1
1683,10/02/2019 11:52,48,1,4,1
1684,10/02/2019 11:52,55,1,4,1
1685,10/02/2019 11:52,57,1,2,1
1686,10/02/2019 11:52,41,1,2,1
1687,10/02/2019 11:52,49,1,2,1
1688,10/02/2019 11:52,49,1,4,1
1689,10/02/2019 11:52,55,1,2,1
1690,10/02/2019 11:52,53,1,2,1
1691,10/02/2019 11:53,49,1,2,1
1692,10/02/2019 11:53,50,1,2,1
1693,10/02/2019 11:53,62,1,2,1
1694,10/02/2019 11:53,-62,0,2,1
1695,10/02/2019 11:53,-50,0,2,1
1696,10/02/2019 11:53,-48,0,2,1
1697,10/02/2019 11:53,-55,0,2,1
1698,10/02/2019 11:53,-67,0,2,1
1699,10/02/2019 11:54,41,1,2,1
1700,10/02/2019 11:54,70,1,2,1
1701,10/02/2019 11:54,-80,0,2,1
1702,10/02/2019 11:54,-57,0,2,1
1703,10/02/2019 11:54,40,1,2,1
1704,10/02/2019 11:55,51,1,2,1
1705,10/02/2019 11:55,-47,0,2,1
1706,10/02/2019 11:55,54,1,2,1
1707,10/02/2019 11:55,-47,0,2,1
1708,10/02/2019 11:55,-60,0,2,1
1709,10/02/2019 11:55,-51,0,2,1
1710,10/02/2019 11:55,-53,0,2,1
1711,10/02/2019 11:55,-55,0,2,1
1712,10/02/2019 11:55,-59,0,2,1
1713,10/02/2019 11:55,47,1,2,1
1714,10/02/2019 11:56,-56,0,2,1
1715,10/02/2019 11:56,46,1,4,1
1716,10/02/2019 11:56,40,1,2,1
1717,10/02/2019 11:56,49,1,2,1
1718,10/02/2019 11:56,-48,0,2,1
1719,10/02/2019 11:56,-42,0,2,1
1720,10/02/2019 11:56,40,1,2,1
1721,10/02/2019 11:56,-48,0,2,1
1722,10/02/2019 11:56,44,1,2,1
1723,10/02/2019 11:57,41,1,2,1
1724,10/02/2019 11:57,53,1,2,1
1725,10/02/2019 11:57,-54,0,2,1
1726,10/02/2019 11:57,49,1,2,1
1727,10/02/2019 11:57,42,1,2,1
1728,10/02/2019 11:57,-72,0,2,1
1729,10/02/2019 11:57,53,1,2,1
1730,10/02/2019 11:57,-56,0,2,1
1731,10/02/2019 11:58,49,1,2,1
1732,10/02/2019 11:58,55,1,2,1
1733,10/02/2019 11:58,-49,0,2,1
1734,10/02/2019 11:58,47,1,2,1
1735,10/02/2019 11:58,-60,0,2,1
1736,10/02/2019 11:58,56,1,2,1
1737,10/02/2019 11:58,-50,0,2,1
1738,10/02/2019 11:58,50,1,2,1
1739,10/02/2019 11:58,-73,0,2,1
1740,10/02/2019 11:58,35,1,2,1
1741,10/02/2019 11:58,-50,0,3,1
1742,10/02/2019 11:58,50,1,2,1
1743,10/02/2019 11:58,45,1,2,1
1744,10/02/2019 11:58,-54,0,2,1
1745,10/02/2019 11:58,45,1,2,1
1746,10/02/2019 11:58,-49,0,2,1
1747,10/02/2019 11:58,58,1,4,1
1748,10/02/2019 11:59,-13,0,3,1
1749,10/02/2019 11:59,-46,0,2,1
1750,10/02/2019 11:59,-51,0,2,1
1751,10/02/2019 11:59,-42,0,2,1
1752,10/02/2019 11:59,-58,0,2,1
1753,10/02/2019 11:59,49,1,2,1
1754,10/02/2019 12:00,-57,0,2,1
1755,10/02/2019 12:00,-46,0,2,1
1756,10/02/2019 12:00,-53,0,2,1
1757,10/02/2019 12:00,-45,0,2,1
1758,10/02/2019 12:00,50,1,2,1
1759,10/02/2019 12:00,55,1,4,1
1760,10/02/2019 12:00,51,1,2,1
1761,10/02/2019 12:00,-65,0,2,1
1762,10/02/2019 12:00,46,1,4,1
1763,10/02/2019 12:00,45,1,2,1
1764,10/02/2019 12:01,-59,0,2,1
1765,10/02/2019 12:01,-55,0,2,1
1766,10/02/2019 12:01,-55,0,2,1
1767,10/02/2019 12:01,-57,0,2,1
1768,10/02/2019 12:01,49,1,2,1
1769,10/02/2019 12:01,41,1,2,1
1770,10/02/2019 12:01,47,1,2,1
1771,10/02/2019 12:01,46,1,2,1
1772,10/02/2019 12:01,-92,0,2,1
1773,10/02/2019 12:02,-56,0,2,1
1774,10/02/2019 12:02,36,1,2,1
1775,10/02/2019 12:02,41,1,2,1
1776,10/02/2019 12:02,43,1,2,1
1777,10/02/2019 12:02,-66,0,2,1
1778,10/02/2019 12:02,-51,0,2,1
1779,10/02/2019 12:03,-11,0,2,1
1780,10/02/2019 12:03,44,1,2,1
1781,10/02/2019 12:03,42,1,2,1
1782,10/02/2019 12:03,-62,0,2,1
1783,10/02/2019 12:03,46,1,4,1
1784,10/02/2019 12:03,48,1,2,1
1785,10/02/2019 12:03,54,1,2,1
1786,10/02/2019 12:03,-58,0,2,1
1787,10/02/2019 12:03,-54,0,2,1
1788,10/02/2019 12:03,45,1,2,1
1789,10/02/2019 12:03,-57,0,2,1
1790,10/02/2019 12:03,-58,0,2,1
1791,10/02/2019 12:03,-49,0,2,1
1792,10/02/2019 12:04,40,1,2,1
1793,10/02/2019 12:04,-62,0,2,1
1794,10/02/2019 12:04,46,1,2,1
1795,10/02/2019 12:04,41,1,2,1
1796,10/02/2019 12:04,-57,0,2,1
1797,10/02/2019 12:05,-54,0,2,1
1798,10/02/2019 12:05,47,1,4,1
1799,10/02/2019 12:05,42,1,4,1
1800,10/02/2019 12:05,45,1,2,1
1801,10/02/2019 12:05,48,1,4,1
1802,10/02/2019 12:05,46,1,2,1
1803,10/02/2019 12:05,-59,0,2,1
1804,10/02/2019 12:06,42,1,2,1
1805,10/02/2019 12:06,37,1,2,1
1806,10/02/2019 12:06,42,1,2,1
1807,10/02/2019 12:06,51,1,2,1
1808,10/02/2019 12:06,51,1,2,1
1809,10/02/2019 12:06,47,1,2,1
1810,10/02/2019 12:06,-50,0,2,1
1811,10/02/2019 12:06,-61,0,2,1
1812,10/02/2019 12:06,-61,0,2,1
1813,10/02/2019 12:06,-56,0,2,1
1814,10/02/2019 12:06,-52,0,2,1
1815,10/02/2019 12:07,-59,0,2,1
1816,10/02/2019 12:07,50,1,2,1
1817,10/02/2019 12:07,53,1,2,1
1818,10/02/2019 12:07,47,1,2,1
1819,10/02/2019 12:07,55,1,4,1
1820,10/02/2019 12:07,58,1,2,1
1821,10/02/2019 12:07,64,1,2,1
1822,10/02/2019 12:07,-58,0,2,1
1823,10/02/2019 12:08,-46,0,2,1
1824,10/02/2019 12:08,-62,0,2,1
1825,10/02/2019 12:08,-77,0,2,1
1826,10/02/2019 12:08,-50,0,2,1
1827,10/02/2019 12:08,-50,0,2,1
1828,10/02/2019 12:08,-58,0,2,1
1829,10/02/2019 12:09,-54,0,2,1
1830,10/02/2019 12:09,-55,0,2,1
1831,10/02/2019 12:09,33,1,2,1
1832,10/02/2019 12:09,-53,0,2,1
1833,10/02/2019 12:09,34,1,4,1
1834,10/02/2019 12:09,-52,0,2,1
1835,10/02/2019 12:09,40,1,2,1
1836,10/02/2019 12:09,39,1,2,1
1837,10/02/2019 12:09,38,1,2,1
1838,10/02/2019 12:09,-47,0,2,1
1839,10/02/2019 12:09,-54,0,2,1
1840,10/02/2019 12:09,50,1,2,1
1841,10/02/2019 12:09,-38,0,2,1
1842,10/02/2019 12:09,51,1,2,1
1843,10/02/2019 12:09,-53,0,2,1
1844,10/02/2019 12:09,48,1,2,1
1845,10/02/2019 12:09,49,1,2,1
1846,10/02/2019 12:09,44,1,2,1
1847,10/02/2019 12:10,-48,0,2,1
1848,10/02/2019 12:10,-73,0,2,1
1849,10/02/2019 12:10,-40,0,2,1
1850,10/02/2019 12:10,42,1,2,1
1851,10/02/2019 12:10,39,1,2,1
1852,10/02/2019 12:10,39,1,2,1
1853,10/02/2019 12:10,-61,0,2,1
1854,10/02/2019 12:10,40,1,2,1
1855,10/02/2019 12:10,40,1,2,1
1856,10/02/2019 12:10,37,1,3,1
1857,10/02/2019 12:10,-40,0,2,1
1858,10/02/2019 12:10,43,1,2,1
1859,10/02/2019 12:10,-51,0,2,1
1860,10/02/2019 12:11,-49,0,2,1
1861,10/02/2019 12:11,-58,0,2,1
1862,10/02/2019 12:11,-54,0,2,1
1863,10/02/2019 12:11,-53,0,2,1
1864,10/02/2019 12:11,-64,0,2,1
1865,10/02/2019 12:11,45,1,2,1
1866,10/02/2019 12:11,40,1,2,1
1867,10/02/2019 12:12,48,1,2,1
1868,10/02/2019 12:12,50,1,2,1
1869,10/02/2019 12:12,47,1,2,1
1870,10/02/2019 12:12,66,1,4,1
1871,10/02/2019 12:12,-64,0,2,1
1872,10/02/2019 12:12,63,1,4,1
1873,10/02/2019 12:12,-69,0,2,1
1874,10/02/2019 12:13,-49,0,2,1
1875,10/02/2019 12:13,-51,0,2,1
1876,10/02/2019 12:13,58,1,2,1
1877,10/02/2019 12:13,-62,0,2,1
1878,10/02/2019 12:13,61,1,2,1
1879,10/02/2019 12:14,74,1,2,1
1880,10/02/2019 12:14,85,1,2,1
1881,10/02/2019 12:14,-75,0,2,1
1882,10/02/2019 12:14,-76,0,2,1
1883,10/02/2019 12:14,-58,0,2,1
1884,10/02/2019 12:15,32,1,2,1
1885,10/02/2019 12:15,44,1,2,1
1886,10/02/2019 12:15,-60,0,2,1
1887,10/02/2019 12:15,64,1,2,1
1888,10/02/2019 12:15,62,1,2,1
1889,10/02/2019 12:15,59,1,2,1
1890,10/02/2019 12:15,42,1,2,1
1891,10/02/2019 12:16,42,1,2,1
1892,10/02/2019 12:16,-54,0,2,1
1893,10/02/2019 12:16,52,1,4,1
1894,10/02/2019 12:16,-62,0,2,1
1895,10/02/2019 12:16,51,1,2,1
1896,10/02/2019 12:16,52,1,2,1
1897,10/02/2019 12:16,55,1,4,1
1898,10/02/2019 12:16,51,1,2,1
1899,10/02/2019 12:16,55,1,2,1
1900,10/02/2019 12:16,57,1,4,1
1901,10/02/2019 12:17,52,1,2,1
1902,10/02/2019 12:17,-53,0,2,1
1903,10/02/2019 12:17,48,1,2,1
1904,10/02/2019 12:17,46,1,4,1
1905,10/02/2019 12:17,46,1,2,1
1906,10/02/2019 12:17,57,1,4,1
1907,10/02/2019 12:17,59,1,2,1
